gigapuddig,f,东西没摔坏吧
小明明的小朋友,f,那别看RNG比赛了，我怕你气的站起来，好好休息
维特根斯坦yui,m,"简宝好好的为什么要在屋子里搬东西，早就跟你说了，屋子不行<span class=""url-icon""><img alt=[泪] src=""//h5.sinaimg.cn/m/emoticon/icon/default/d_lei-1b4b02f8b1.png"" style=""width:1em; height:1em;"" /></span>"
一文卷宗,m,"脚砸紫了 暗示无紫不行<span class=""url-icon""><img alt=[doge] src=""//h5.sinaimg.cn/m/emoticon/icon/others/d_doge-861403219c.png"" style=""width:1em; height:1em;"" /></span>"
虎牙直播,f,"简宝注意身体<span class=""url-icon""><img alt=[抱抱] src=""//h5.sinaimg.cn/m/emoticon/icon/default/d_baobao-b928ba5761.png"" style=""width:1em; height:1em;"" /></span><span class=""url-icon""><img alt=[抱抱] src=""//h5.sinaimg.cn/m/emoticon/icon/default/d_baobao-b928ba5761.png"" style=""width:1em; height:1em;"" /></span><span class=""url-icon""><img alt=[抱抱] src=""//h5.sinaimg.cn/m/emoticon/icon/default/d_baobao-b928ba5761.png"" style=""width:1em; height:1em;"" /></span>"
RNG电子竞技俱乐部,f,"好好休息，早日康复<span class=""url-icon""><img alt=[抱抱] src=""//h5.sinaimg.cn/m/emoticon/icon/default/d_baobao-b928ba5761.png"" style=""width:1em; height:1em;"" /></span>"
最强发型师伍六柒,m,好好休息
霍格沃茨年级第三十二,m,"小狗倒了<span class=""url-icon""><img alt=[泪] src=""//h5.sinaimg.cn/m/emoticon/icon/default/d_lei-1b4b02f8b1.png"" style=""width:1em; height:1em;"" /></span>"
Orange_CZY,m,"好好休息<span class=""url-icon""><img alt=[泪] src=""//h5.sinaimg.cn/m/emoticon/icon/default/d_lei-1b4b02f8b1.png"" style=""width:1em; height:1em;"" /></span>"
山药很软,m,引用去年GRF教练的话“rng不足为惧，只靠uzi一个人而已”
女权bo,f,好好休息小狗！！！👩👩爱你！！！
YangCccchen,m,枣 队危 锅大 勿归 连夜跑
全国最调皮,m,"一定要注意安全 破伤风打了吗<span class=""url-icon""><img alt=[允悲] src=""//h5.sinaimg.cn/m/emoticon/icon/default/d_yunbei-9aa3c436a4.png"" style=""width:1em; height:1em;"" /></span>"
Kulaner,m,卧槽卧槽！！看着就好痛！！！！指甲盖！！好好休息  好好休息
多次拒绝BBH,f,"我以前说你是rng的核心是我错了 原来你是rng的亲爹<span class=""url-icon""><img alt=[太开心] src=""//h5.sinaimg.cn/m/emoticon/icon/default/d_taikaixin-97bd3f82d6.png"" style=""width:1em; height:1em;"" /></span>"
Moon鲲,m,枣，赶紧退役吧，这种垃圾队伍不值得你再为了他们拼一年，开开心心直播多好啊
怪兽虐韩杂,m,uzi你居然把他们带进了世界赛 怎么做到的啊
时光说他特别开心哈哈,m,哈哈哈哈哈哈哈哈哈给这个笑话给👴 整笑了 uzi排到宝蓝，对阿水说：你才是是世界第一AD 阿水排到rng四个人，反手回了uzi：不不不，您才是世界第一AD 
ajiucai,m,我听过最真诚不做作的一句话：皇族都是我carry。
Uzi粉丝后援团,m,"<a  href=""https://m.weibo.cn/p/index?extparam=Uzi&containerid=1008088ea22526ea6f80d1c6c731cbb1fb86db"" data-hide=""""><span class='url-icon'><img style='width: 1rem;height: 1rem' src='https://n.sinaimg.cn/photo/5213b46e/20180926/timeline_card_small_super_default.png'></span><span class=""surl-text"">Uzi</span></a> 小简儿要照顾好自己啊，算了不指望，还是指望<a href='/n/不知名最美狗nanny'>@不知名最美狗nanny</a>"
杨先生FORTWOME,m,好好养伤.但求你别退役.我现在身在国外.我想10月份回去看你打总决赛.也是对我的青春来一次告别.有越多的人黑你.骂你.就有越多的人喜欢你.在我眼里你拿不拿冠军不重要.想看你为了成功努力的过程.<a href='/n/UziQAQ'>@UziQAQ</a>
安燃燃燃嘛,f,注意身体啊！看着都好痛！
虎扑电竞,f,好好休息…
人间四月天R,m,如果你真的打算退役的话 作为粉丝的我有一个请求 能不能在退役前在打把比赛  你用vn让我认识了你 你在用vn结束你的职业生涯吧 有始有终，我代表大家拜托了。🙏
致花弋Y,m,"澡，队亡勿归，散伙饭<span class=""url-icon""><img alt=[doge] src=""//h5.sinaimg.cn/m/emoticon/icon/others/d_doge-861403219c.png"" style=""width:1em; height:1em;"" /></span>"
咖喱God,m,狗，队危，勿回，友菜，快跑。
_lovewen_,m,看完今天的比赛，我只想说句uzi永远的神，佩服你能让这个菜比队进世界赛
M子瑞,m,一天，uzi排位匹配到了宝蓝，打完之后，默默的给jkl发私信说道:你才是世界第一ADC。不久后，jkl匹配到RNG4个队友，结束后，jkl回信说:不，您才是真正的世界第一ADC！
森森明儿OuO,f,"好好休息啊小简儿 看着怪心疼的<span class=""url-icon""><img alt=[泪] src=""//h5.sinaimg.cn/m/emoticon/icon/default/d_lei-1b4b02f8b1.png"" style=""width:1em; height:1em;"" /></span> 还有今天别看rng比赛了 万一真气的站起来了<span class=""url-icon""><img alt=[跪了] src=""//h5.sinaimg.cn/m/emoticon/icon/default/d_guile-7b3e474f7f.png"" style=""width:1em; height:1em;"" /></span>"
新年终于可以改昵称LIAO,m,"不会真有人以为RNG不是靠UZI吧？<span class=""url-icon""><img alt=[太开心] src=""//h5.sinaimg.cn/m/emoticon/icon/default/d_taikaixin-97bd3f82d6.png"" style=""width:1em; height:1em;"" /></span>"
王王王王王王王王王王大王,m,千万别回来，输了就是“有了uzi也没用”
北境之云,m,uzi，合同到期了要么换个队伍，要么退役直播，别回rng了。
晚点再说行吗,f,"看看那几个笨比 终于明白为啥拼命吃经济了<span class=""url-icon""><img alt=[doge] src=""//h5.sinaimg.cn/m/emoticon/icon/others/d_doge-861403219c.png"" style=""width:1em; height:1em;"" /></span>"
宇风丶,f,。。。。。。枣子哥，唉，尊重你的决定，但是真的舍不得你，我算半个新观众吧，从2017年的世界赛开始关注了lol的比赛，从那以后一直看着你，从lpl冠军到msi冠军，从这就是的冠军到亚运会的金牌。。再到s8的失利，我仔细想了想，或许我喜欢的只是你啊，小狗，因为你，我一直追看着RNG的比赛，s9你说过
香油皮皮棒棒糖,m,"希望你今年加油，lwx的皮肤拿的也没毛病，别人是冠军就有自己的选择权利，但你是我看lpl的动力，也是很多人的信仰，加油<span class=""url-icon""><img alt=[太开心] src=""//h5.sinaimg.cn/m/emoticon/icon/default/d_taikaixin-97bd3f82d6.png"" style=""width:1em; height:1em;"" /></span>"
拓海Uzi,m,"是不是圣枪哥干的<span class=""url-icon""><img alt=[笑而不语] src=""//h5.sinaimg.cn/m/emoticon/icon/default/d_heiheihei-f7ca09d6e8.png"" style=""width:1em; height:1em;"" /></span>"
Whale-babe,f,你真的太强了 能带动这个队伍
Zhang_x_Dong,m,难道是用脚打游戏的吗
__579xx__,f,好好休息啊
RNG丶Minato,m,有哪些话以前被人喷现在人人认定是真理？uzi：皇族都是我carry
求风留痕,m,枣，咱们跑路吧，别把名声砸在这破队上了
semyao,m,"原来打败小狗的不是ban英雄……是特么搬东西<span class=""url-icon""><img alt=[二哈] src=""//h5.sinaimg.cn/m/emoticon/icon/others/d_erha-0fecc90ac1.png"" style=""width:1em; height:1em;"" /></span>"
西行遇藤i,f,说实话，看完今天的比赛，我就问问枣子哥凭什么不能吃三路？？其他人多拿十几个头照样输
热心网友廖老师,m,狗子，老粉说句真心话，再打一年吧，为S赛拼一把，你的油箱还有油的，去JDG补齐最后一块拼图，NBA的詹姆斯和杜兰特都选择了换队寻找更好的队友，其实你没必要守一城终老了，已经对得起RNG了。
爱睡giao的橘崽,f,保护
建议原地解散嗷,m,枣子哥退役吧，反正手伤都这么严重了，留在RNG这个垃圾队伍也是浪费时间
你的男友hao,m,别退役求你了
窗台胖子,m,30号退役，真的，你再坚持下去，徒增笑料，这玩的都是什么东西啊？你继续坚持下去，这个版本不是AD的版本，你根本不能，一带四，或许你想要拿一个冠军，但这支队伍我觉得根本进不了总决赛，季后赛都是别人抬进去的，如果小凤凰那一把输了，然后呢，无缘季后赛，我们在虎牙当个小主播，大家都会去看你的
realllk,f,"我前几天看ts直播<span class=""url-icon""><img alt=[泪] src=""//h5.sinaimg.cn/m/emoticon/icon/default/d_lei-1b4b02f8b1.png"" style=""width:1em; height:1em;"" /></span>做梦都想要个这样的上单<span class=""url-icon""><img alt=[泪] src=""//h5.sinaimg.cn/m/emoticon/icon/default/d_lei-1b4b02f8b1.png"" style=""width:1em; height:1em;"" /></span>人家粉丝天天笑得不行<span class=""url-icon""><img alt=[泪] src=""//h5.sinaimg.cn/m/emoticon/icon/default/d_lei-1b4b02f8b1.png"" style=""width:1em; height:1em;"" /></span>我们看一场比赛就被气出病<span class=""url-icon""><img alt=[泪] src=""//h5.sinaimg.cn/m/emoticon/icon/default/d_lei-1b4b02f8b1.png"" style=""width:1em; height:1em;"" /></span>原来人家喷rng我必喷回去，现在真的..只想跟他们一起喷<span class=""url-icon""><img alt=[泪] src=""//h5.sinaimg.cn/m/emoticon/icon/default/d_lei-1b4b02f8b1.png"" style=""width:1em; height:1em;"" /></span>你别回来了，不值得！！！"
五年十天,m,狗子，俱乐部哪怕用他亲妈来求你续约，你也千万别答应。
心悅伱呀,m,【RNG战队英雄联盟分部人员变动公告】   即日起，RNG、Uzi（简自豪）正式退役。从S3的皇族，到S6重回RNG至今，uzi以主力ADCarry的身份与RNG并肩作战，在役期间，带领队伍斩获诸多赛场荣誉，也留下了更多美好回忆，辛苦了！祝以后的生活还能和赛场上一样，精彩纷呈。人生有梦，各自精彩，你是永远的神～
顾刻铭,m,我的天，期待破灭了。。。。
E_TN,m,"真就卡脚了呗<span class=""url-icon""><img alt=[悲伤] src=""//h5.sinaimg.cn/m/emoticon/icon/default/d_beishang-f8d6de06c8.png"" style=""width:1em; height:1em;"" /></span>"
yylxmhappy,m,我以为我是冠军粉，直到ig夺冠我才知道我喜欢的是全华班rng。我以为我粉的是rng，直到这两年没有乌兹的rng惨败，我才明白我粉的是永远滴神。
星光亦可耀眼,m,退了吧，这队友真是都他妈在裸泳，还怪你块头大把池子占满了。无力
会走路的三十,m,以前我一直觉得阿水带妹夺冠挺离谱的，现在知道枣子哥还是永远滴神，这彩笔队友年年能带去世界赛
瞅给我使劲瞅,f,好好休息啊小简儿
HeatherShyva,f,"林伟翔真的选了vn冠军皮肤，这次做的真的太过分了，我我们粉丝群已经准备好了<span class=""url-icon""><img alt=[怒] src=""//h5.sinaimg.cn/m/emoticon/icon/default/d_nu-54e54e160b.png"" style=""width:1em; height:1em;"" /></span>"
beatboxCR,m,说真的，看了三年RNG，我头一回觉得你就这样休息吧，不值得你回去了，这版本ADC 太难了，你回去要carry那四个人真的太难了。 RNG 这状态别想能进S赛了，要么就退役好好休息吧，要么换队吧，我还想看你进S赛最后一次，不管成绩与否。
puwind-,m,啥也不说了，皇族都是我carry
几杯懒散2,m,带明换个队伍吧，或者退役了，也挺好的，RNG反正还是别回去了，希望脚伤早点好吧，给大伙直播挺开心快乐的。
日落孤城zz,m,说实话就是因为枣爱上了RNG但是现在唉失望透顶，4月三十号合同到期 希望枣子哥今年结束，但是真的不要在RNG了 转会吧
文乃是TianOwO,f,要么换队，要么退役吧，咱不打了
国际知名狗吹,f,"卧槽，阿水转个会一群人还开你团，真的太难了<span class=""url-icon""><img alt=[允悲] src=""//h5.sinaimg.cn/m/emoticon/icon/default/d_yunbei-9aa3c436a4.png"" style=""width:1em; height:1em;"" /></span>"
铭铭之中遇见你M,m,实在太累就退役吧  今年希望真的没那么大了 每天快快乐乐的直播和gnr的兄弟们 没事玩玩游戏挺好的 没必要了
WickedSmaht,m,说真的、有点难受、你的标志英雄是vn、却没有她的皮肤，换个队伍吧，再拼一次，RNG真的已经不适合你了，或者说RNG现在根本配不上这么好的你
你能懂me,m,那句话很经典“uzi用一个春季赛不上场证明了自己在rng的地位”
青柠QAQ33,m,我吐了，为什么阿水的事情还能开到枣子哥
啷个哩个啷70275,m,枣子哥，退了吧，这个战队不值得
RankBoyZz,m,你去V5 我都能粉V5 这就是我现在所有的执念 你如果退役了 我就再也不会粉任何一个战队 至于Rng 我已经脱粉了 祝好 Uzi选手
枫源1987,m,小狗去京东吧，我觉得最合适的，京东刚好AD不怎么行，绿毛辅助很顶的，粽子哥分分钟比狼行靠谱，狗子去了，FPX和IG都要忌惮三分
加鲁鲁,m,污渍人在家中坐，锅从天下来。现在外边乱套了啥都能开到污渍，建议就别回来了
元宇宙,m,很抱歉在刚刚结束的比赛中，我们以0:3的战绩不敌EDG战队，结束了本次春季赛的征程，在比赛中暴露出的许多问题仍然需要解决，我们也会尽快调整状态，希望夏季赛能够有更好的表现。
此号不为空,m,别续约了吧，换个队或者退了，真的没什么好坚持的了，这群人真的不配赢了
将故之人-L,m,简自豪今年再打一年吧！不管结局好坏！希望最后是2020年世界赛冠军  冠军ad RNG-UZI 等你
界下,m,千万别回RNG了，求你了，保留你最后的荣光
陆云溪aurora,f,"又被开了，<span class=""url-icon""><img alt=[二哈] src=""//h5.sinaimg.cn/m/emoticon/icon/others/d_erha-0fecc90ac1.png"" style=""width:1em; height:1em;"" /></span>我人傻了。"
沐血承殇QAQ_,m,小狗本来春季赛就没打算上，虽然没明说，但是看过直播的人心里都有数，一群憨批还说什么吊不吊的，自己脑补乌滋救场，乌滋不上就怪乌滋吊粉消费粉，真是有够好笑的
现代丛林故事,m,你们谁记得rng放出语音，uzi喊“狼行呢狼行呢”，langx说“我在我在。在在”，uzi“上去杀！” 然后一锤定音纳尔开团，中A爆炸输出一波。  神啊，rng现在真的需要你，你快回来把，粉丝快顶不住了
海强201503,m,好好养伤，不过没有你的英雄联盟，总感觉少了点什么，从s3到现在，说实话我已经33岁了，谢谢你陪伴了我的整个青春，但是我的青春是有遗憾的，遗憾没有看到你拿s赛的冠军，不知道说点什么了，有点想哭…
June丶小城要努力,m,"一觉醒来vnlpl首个冠军皮肤已经不是乌兹的了，加油吧<span class=""url-icon""><img alt=[悲伤] src=""//h5.sinaimg.cn/m/emoticon/icon/default/d_beishang-f8d6de06c8.png"" style=""width:1em; height:1em;"" /></span><span class=""url-icon""><img alt=[悲伤] src=""//h5.sinaimg.cn/m/emoticon/icon/default/d_beishang-f8d6de06c8.png"" style=""width:1em; height:1em;"" /></span>"
哆啦黑柴,m,乌兹快跑，这队伍烂在根里了，2200已经耽误你4年了
亚太化工123,m,灯笼 新出的vn冠军皮肤会买吗？
Keith尚,m,一句话，uzi可以现在没有s赛冠军退役，开网店开直播捞金，赚三辈子都花不完的钱，他为什么坚持，我觉得他有梦想，有比钱更值得坚持的东西，我从来不带uzi的节奏，第一次，就算有喷子来喷也就算我带了一波节奏，仅此一次，作为一个老粉的心声，你们都是尼玛了个b
魔王哦丶,m,那时候只有两个队伍。we和ig。想学技术还得从网站开始。从joker优酷上传知道的你。视频里说想找你打zy。但说那时候你还小，家里人不同意拒绝了。当时并没有uzi。你的名字是狂小狗。你没确定位置。中上野。只要能c的位置都有你。上单豹女是你教我的。电竞也是你教我的。如果你退役…我的青春…真的没了
夜久无冀,f,"没想到澡子哥歇了一个赛季竟然证明了自己<span class=""url-icon""><img alt=[黑线] src=""//h5.sinaimg.cn/m/emoticon/icon/default/d_heixian-bde08b426c.png"" style=""width:1em; height:1em;"" /></span>"
七家大将军,m,换些好的队友来一场金色的雨吧，我已经三年不玩lol了，但你的比赛每场都看，只为了圆当年那一个冠军梦，只为等你，还能等到吗
梦里花落知多少-meng,f,如果你的技术还在只是心态上不好！那就请你放下你的心魔不要管别人的眼光和流言蜚语！拿起你的弓箭去猎杀那些黑暗中的敌人吧！祝愿你能拿到那座最后一个的奖杯🏆！成功了我们陪你一起狂欢！失败了我们青春陪你殉葬
只是一个孤独的人啊,m,ig有可能不要ad 但是问一下好一点 tes肯定不要ad了 jdg可以去 他们ad比较菜 fpx也是问一下好一点 虽然说他们有lwx了 但是有可能他们有两套体系呢?  不管你到哪个队伍又或者是选择退役 我都会支持你 我s3的老狗粉了愿你前路无崎岖
么名字可以用啊,m,别续约了，继续征战考虑转会吧
GodVUZi的颜粉QAQ,m,……好好休息，
Lyerss扬,m,我不想看rng金色的雨，我只想看uzi金色的雨
realllk,f,"狗哥你别回来了好不好<span class=""url-icon""><img alt=[泪] src=""//h5.sinaimg.cn/m/emoticon/icon/default/d_lei-1b4b02f8b1.png"" style=""width:1em; height:1em;"" /></span>我tm看比赛被气出病来<span class=""url-icon""><img alt=[泪] src=""//h5.sinaimg.cn/m/emoticon/icon/default/d_lei-1b4b02f8b1.png"" style=""width:1em; height:1em;"" /></span>到底是为什么啊为什么要一次次伤粉丝的心<span class=""url-icon""><img alt=[泪] src=""//h5.sinaimg.cn/m/emoticon/icon/default/d_lei-1b4b02f8b1.png"" style=""width:1em; height:1em;"" /></span>我是真的难受，我做梦都想回18年msi<span class=""url-icon""><img alt=[泪] src=""//h5.sinaimg.cn/m/emoticon/icon/default/d_lei-1b4b02f8b1.png"" style=""width:1em; height:1em;"" /></span>别回来了这锅背不下来<span class=""url-icon""><img alt=[泪] src=""//h5.sinaimg.cn/m/emoticon/icon/default/d_lei-1b4b02f8b1.png"" style=""width:1em; height:1em;"" /></span>"
大崔-Demon,m,"勿归，锅大，速跑，养好伤直播吧<span class=""url-icon""><img alt=[衰] src=""//h5.sinaimg.cn/m/emoticon/icon/default/d_shuai-3dcd4d86c5.png"" style=""width:1em; height:1em;"" /></span>"
陆云溪aurora,f,"你关注了we经理<span class=""url-icon""><img alt=[doge] src=""//h5.sinaimg.cn/m/emoticon/icon/others/d_doge-861403219c.png"" style=""width:1em; height:1em;"" /></span><span class=""url-icon""><img alt=[doge] src=""//h5.sinaimg.cn/m/emoticon/icon/others/d_doge-861403219c.png"" style=""width:1em; height:1em;"" /></span><span class=""url-icon""><img alt=[doge] src=""//h5.sinaimg.cn/m/emoticon/icon/others/d_doge-861403219c.png"" style=""width:1em; height:1em;"" /></span><span class=""url-icon""><img alt=[doge] src=""//h5.sinaimg.cn/m/emoticon/icon/others/d_doge-861403219c.png"" style=""width:1em; height:1em;"" /></span>"
老干部霉西,m,"RNG，你们现在都学会先赢一局，把粉丝骗进来鲨了？？？？？<span class=""url-icon""><img alt=[吐] src=""//h5.sinaimg.cn/m/emoticon/icon/default/d_tu-b5c18d9140.png"" style=""width:1em; height:1em;"" /></span><span class=""url-icon""><img alt=[吐] src=""//h5.sinaimg.cn/m/emoticon/icon/default/d_tu-b5c18d9140.png"" style=""width:1em; height:1em;"" /></span><span class=""url-icon""><img alt=[吐] src=""//h5.sinaimg.cn/m/emoticon/icon/default/d_tu-b5c18d9140.png"" style=""width:1em; height:1em;"" /></span><span class=""url-icon""><img alt=[吐] src=""//h5.sinaimg.cn/m/emoticon/icon/default/d_tu-b5c18d9140.png"" style=""width:1em; height:1em;"" /></span><span class=""url-icon""><img alt=[吐] src=""//h5.sinaimg.cn/m/emoticon/icon/default/d_tu-b5c18d9140.png"" style=""width:1em; height:1em;"" /></span>"
多言不由衷,f,害 还以为报备什么呢<a href='/n/Wantfreedomlll'>@Wantfreedomlll</a>
LeeTiamo,m,枣子哥，想打就转会，不想打就退役吧，你永远是我心中的世界第一Adc
藤原雪饼,m,RNG如果不肯为了你人员大换血就别回去了，这上中野真的没救了，快跑吧。不破不立这憨批俱乐部不会懂的，让他们守着老本继续啃吧，乌兹快跑
Cbk-,m,求求你赶紧退役吧，太心疼你了，粉了你7年，从出道就盯着你，你不打比赛后，我才不管rng死活，我会在虎牙守着你，给你续牌子，静静地看着你直播，我尊重你的任何决定，虽然会不甘心，但是更希望你健康
麻匪柒,m,我是ig粉，污渍你回来吧，想看你比赛，不想小明这些，希望病好，为lpl加油
楊先生Enterprising,m,"青春落幕，恭喜rng季后赛一日游，我想你了，简自豪<span class=""url-icon""><img alt=[悲伤] src=""//h5.sinaimg.cn/m/emoticon/icon/default/d_beishang-f8d6de06c8.png"" style=""width:1em; height:1em;"" /></span><span class=""url-icon""><img alt=[悲伤] src=""//h5.sinaimg.cn/m/emoticon/icon/default/d_beishang-f8d6de06c8.png"" style=""width:1em; height:1em;"" /></span>"
大大大大大丶叔_,m,感觉粉丝又要来这里集合了，辛亏脚砸了…不然又要被硬抬上场了。
uzi传奇永不灭,m,“皇族都是我carry”
藤原雪饼,m,那些吹你的解说，电竞自媒体，是真的和你感同身受吗？我想也没有，人人口嗨几句，等你夏季赛真的归来了，抬不懂这些大佛，被喷的还是你。我不想你被推在舆论的风口浪尖，可是这好像也不是我能决定的事情，就这样吧。不管你做什么决定都会支持你
乌兹宝贝今天洗澡了吗,m,"带小明飞到哪个队都是宝<span class=""url-icon""><img alt=[爱你] src=""//h5.sinaimg.cn/m/emoticon/icon/default/d_aini-4a23c0524a.png"" style=""width:1em; height:1em;"" /></span>"
藤原雪饼,m,转会会被喷“打不过就加入”，要不然就是当年的“X姓家奴”，皇族这吸血鬼能轻易放你走吗？续约，这个队我真的一点希望也看不到了。退役，我不甘心，你甘心吗？没有一条是行得通的路，为什么这么难啊
小飞侠不会飞zz,m,小狗别退役，s10在上海，无所谓冠军不冠军6年狗粉，陪你巅峰低谷，想看你最后一舞，我一直都在
世界的路亚宁,m,这就是卡萨换队的原因吗，对不起，卡萨我错怪你了
毛豆豆豆思尔,m,枣子哥，我真的好想看你淋一场金雨，但是rng好像真的不配啊
忱城yy,m,澡，队烂，锅大，速逃，勿归！！
June丶小城要努力,m,乌 兹 快 跑
Parasol鬼鬼,f,澡 队完 勿念
槐序贰柒丶,m,369 直播间那个是史森明和洪浩轩在调侃请吃饭，不是乌兹要退役，大家理性一点，不要被喷子带节奏了
剑指总冠军哦,m,我现在终于明白卡萨为什么走了，这个队伍烂到根了，狗子你一个人扛着这个小破队走了这么久很累了，该休息了
Panda_Guo,m,那些之前说乌兹吃三路的现在来看看，乌兹不在，rng要打几核？卡萨走是有原因的
JRs-M,m,换个队伍吧，在这里你一辈子夺不了冠，这群人水平就这样了，是你把这支队伍抬的太高了
博主已经跑路,m,"我淦，这锅也要盖咱身上，真就硬扣<span class=""url-icon""><img alt=[允悲] src=""//h5.sinaimg.cn/m/emoticon/icon/default/d_yunbei-9aa3c436a4.png"" style=""width:1em; height:1em;"" /></span>"
一未4居,f,好惨一简，好肿一脚
Whale-Song,m,求求你退役做主播，没有你我真的不会管这只烂队伍的死活
拉某人-,m,狗爷，勿归！！！！！！！！！！
RFTch,m,我觉得大家不要太偏激，uzi和rng拿到的这些冠军，是彼此共同成就的，没有巅峰the rang，窥屏karsa队长香锅和虎之吸血鬼等英雄还有ming的配合，rng和uzi也拿不到这么多冠军.四年来rng的这些队员本身就是共进退，好比ig的基石是rookie，别说什么uzi快跑这种话了，不可能也不人情
Tuzi先生有胡子,f,嗯.... 老粉想对你说，你做什么选择去哪里老粉都支持。老粉希望你做让你自己最开心，你觉得最正确的选择。RNG那帮憨批管理层和运营，你可以忽视。如果你被喷，还有老粉们替你扛着。
无聊的乔巴灬,m,你不在rng，这些混子不会玩游戏了，退役吧，或者去其他队伍，对了，把小明带过去，不然跟着背题也变fw了
Kirito雄,m,看别人家的VN冠军皮肤出来，太帅
乌兹凤宝电宝桃宝E宝,m,"乌兹乌兹直播了直播了，大半个月了脚该好了，况且直播是坐着的，快快快速度搞起，没有你直播的日子我太饥渴了<span class=""url-icon""><img alt=[二哈] src=""//h5.sinaimg.cn/m/emoticon/icon/others/d_erha-0fecc90ac1.png"" style=""width:1em; height:1em;"" /></span>再晚点的话我就要忘了你直播的感觉了！"
三星灯笼,m,"uzi超话来的，谁开的团<span class=""url-icon""><img alt=[怒] src=""//h5.sinaimg.cn/m/emoticon/icon/default/d_nu-54e54e160b.png"" style=""width:1em; height:1em;"" /></span>"
大家好我是陈XX,m,lol s1那会我大学，现在已经结婚生子了，那么多年就粉你一个，你去哪队就只看那一队的比赛。现在年龄大了游戏早就不玩了，唯一还在坚持的就是看你比赛。枣哥，你退役我的lol生涯估计也就结束了，但真的自私的希望你能拿个vn的皮肤啊！！！
愤怒的小鬼头biu,m,好好直播，咱别回rng了，退役了粉丝还是支持你
耵福估山,m,"枣子哥这都能被开，太nm惨了<span class=""url-icon""><img alt=[泪] src=""//h5.sinaimg.cn/m/emoticon/icon/default/d_lei-1b4b02f8b1.png"" style=""width:1em; height:1em;"" /></span><span class=""url-icon""><img alt=[泪] src=""//h5.sinaimg.cn/m/emoticon/icon/default/d_lei-1b4b02f8b1.png"" style=""width:1em; height:1em;"" /></span>"
AugensternZJ,m,没有你的队伍，我已经的粉不动了，再见了rng，我爱的一直是小狗
党的吐槽帝,m,澡子哥对不起。我以为RNG输都是你的锅，结果你是无名英雄。
AarrrRowW丶,m,"枣 虽队危 但锅大 望勿归<span class=""url-icon""><img alt=[二哈] src=""//h5.sinaimg.cn/m/emoticon/icon/others/d_erha-0fecc90ac1.png"" style=""width:1em; height:1em;"" /></span>"
To7kr2,m,4.30号合约到期 别续约了狗子 换个有希望的队伍
s小小姜,m,小狗打了8年没证明自己，休息了半年证明了自己。
远青的笛,m,狗子，不行换个队伍吧
犹记年川,f,JDG，IG都可以，转会吧拜托了，我想看你拿冠军再退役，我们的狂小狗求你了。
WickedSmaht,m,"一个Hope都能欺负rng下路了、你要是在他算个屁<span class=""url-icon""><img alt=[泪] src=""//h5.sinaimg.cn/m/emoticon/icon/default/d_lei-1b4b02f8b1.png"" style=""width:1em; height:1em;"" /></span>"
卡卡卡卡了没,f,"小狗走吧，队已经烂掉了<span class=""url-icon""><img alt=[伤心] src=""//h5.sinaimg.cn/m/emoticon/icon/others/l_shangxin-934f730572.png"" style=""width:1em; height:1em;"" /></span><span class=""url-icon""><img alt=[伤心] src=""//h5.sinaimg.cn/m/emoticon/icon/others/l_shangxin-934f730572.png"" style=""width:1em; height:1em;"" /></span><span class=""url-icon""><img alt=[伤心] src=""//h5.sinaimg.cn/m/emoticon/icon/others/l_shangxin-934f730572.png"" style=""width:1em; height:1em;"" /></span>"
晨哥踮脚181,m,很抱歉在刚刚结束的比赛中，我们以0比3的成绩惜败于EDG战队，提前结束了我们的春季赛旅程。这个春天，RNG前进的道路并不平坦，从困境中主动求变，虽然结局并不尽如人意，但这个季节没能说完的故事，我们会努力在夏日将它延续下去。 感谢粉丝们一直以来对RNG的陪伴以及赞助商的大力支持！
西红柿鸡蛋面不加番茄,f,小心点噢
今天反正是胖了,m,宝贝小心
十六夜OuO,m,"好好休息简宝<span class=""url-icon""><img alt=[泪] src=""//h5.sinaimg.cn/m/emoticon/icon/default/d_lei-1b4b02f8b1.png"" style=""width:1em; height:1em;"" /></span>"
qwer无辜,m,Uzi把奥咪咪抬到了一个不该有的高度
笨比选手,m,队亡，勿回
梦K丶_,m,难顶啊，狗子，有时候觉得你这样也挺好的，最少没人觉得是你的问题，注意身体，
z倒刺z,m,"狗子，锅大，勿归，不比比什么假话了，你换队ba<span class=""url-icon""><img alt=[doge] src=""//h5.sinaimg.cn/m/emoticon/icon/others/d_doge-861403219c.png"" style=""width:1em; height:1em;"" /></span>反正劳资跟着你ryl，是sh，omg，qg逛了一圈了，不怕再去什么edg，lgd，tes的逛一逛，你不能退役啊！！！！！！你敢退役劳资给你寄刀片<span class=""url-icon""><img alt=[悲伤] src=""//h5.sinaimg.cn/m/emoticon/icon/default/d_beishang-f8d6de06c8.png"" style=""width:1em; height:1em;"" /></span><span class=""url-icon""><img alt=[悲伤] src=""//h5.sinaimg.cn/m/emoticon/icon/default/d_beishang-f8d6de06c8.png"" style=""width:1em; height:1em;"" /></span><span class=""url-icon""><img alt=[悲伤] src=""//h5.sinaimg.cn/m/emoticon/icon/default/d_beishang-f8d6de06c8.png"" style=""width:1em; height:1em;"" /></span><span class=""url-icon""><img alt=[悲伤] src=""//h5.sinaimg.cn/m/emoticon/icon/default/d_beishang-f8d6de06c8.png"" style=""width:1em; height:1em;"" /></span>你听到了没？？？？打下去啊啊啊啊啊啊啊"
长发飘飘的鲁尼,m,永远的神看这期的饭堂，大家都很想你
被强煎的狗不理,m,"小狗，千万别续约rng了，续约就是浪费时间，我只希望看到你拿到s赛冠军，或者直接退役，千万别回rng了<span class=""url-icon""><img alt=[悲伤] src=""//h5.sinaimg.cn/m/emoticon/icon/default/d_beishang-f8d6de06c8.png"" style=""width:1em; height:1em;"" /></span><span class=""url-icon""><img alt=[悲伤] src=""//h5.sinaimg.cn/m/emoticon/icon/default/d_beishang-f8d6de06c8.png"" style=""width:1em; height:1em;"" /></span><span class=""url-icon""><img alt=[悲伤] src=""//h5.sinaimg.cn/m/emoticon/icon/default/d_beishang-f8d6de06c8.png"" style=""width:1em; height:1em;"" /></span>"
一只pp小喵咪,m,小简别回去了，我真的很难受今天看完RNG的比赛之后，去做你想做的事情吧，如果还想去上海就换个队伍吧，直到现在我才发现我喜欢的是S8RNG的完全体和你UZI而不是RNG
PGokayPG,m,"希望狗哥拿个世界冠军再退役<span class=""url-icon""><img alt=[泪] src=""//h5.sinaimg.cn/m/emoticon/icon/default/d_lei-1b4b02f8b1.png"" style=""width:1em; height:1em;"" /></span>"
叮叮当当papa,m,不知道mata为什么那么钟爱千珏和布隆 没uzi你看rng的比赛真的很生气
41092021tut,m,永远的神，你别回来了，退役做直播吧，就这队友s10怕是没了，直播我们还继续支持你
青山河图,m,澡，合同到期后带着明去京东吧，算是补强了，明和绿毛两个辅助没得说的，上中野也比现在Rng的靠谱啊
LovingFUU,m,真的快退役吧，天天吊着粉丝胃口有什么意思，干干净净退役不好吗？
guobinnnn,m,原来我喜欢的一直都是UZI，期待的一直也都是UZI
XPhoniex,m,合同到期了好好考虑考虑吧，别那么轻易就续约了，这已经不是那个值得你付出的队伍了
躲在树上看树下的人来人往,m,我以为我喜欢的是RNG，原来只是单纯喜欢UZI
天神道丶弥彦,m,别被rng老板洗脑了，千万不要续约啊，他们只想着怎么利用你，现在的rng已经没有未来了
是知秋哦,m,"人在家中坐，<span class=""url-icon""><img alt=[跪了] src=""//h5.sinaimg.cn/m/emoticon/icon/default/d_guile-7b3e474f7f.png"" style=""width:1em; height:1em;"" /></span><span class=""url-icon""><img alt=[跪了] src=""//h5.sinaimg.cn/m/emoticon/icon/default/d_guile-7b3e474f7f.png"" style=""width:1em; height:1em;"" /></span><span class=""url-icon""><img alt=[跪了] src=""//h5.sinaimg.cn/m/emoticon/icon/default/d_guile-7b3e474f7f.png"" style=""width:1em; height:1em;"" /></span>锅从天上来。"
Garden1aZzz,f,"害 枣子哥可太惨了 今天又被开团了<span class=""url-icon""><img alt=[允悲] src=""//h5.sinaimg.cn/m/emoticon/icon/default/d_yunbei-9aa3c436a4.png"" style=""width:1em; height:1em;"" /></span>"
自豪的炫君,m,RNG是不是卡你合同了？
苏威ooO,m,别续约了，去FPX也行啊，终有一冠属于你！Doinb游走中路，强势打野天，抗压上路么么哒，保护型辅助刘少太适合你了，不过我这么说也对不起lwx，可我真想你拿个冠军
一杯食盐水,m,uzi，您真的就是世界第一ADC!!!
amnesic丶xx,m,别回rng了，要不换个队伍，要不等五五开回来一起直播吧！
基德和aoko,m,这几个人不配让你C。
RM33993,m,没你rng比赛真不想看
呆萌ko,m,澡，队危，趁夏季赛转会，说不定S冠，不转，难
小黑胡子DD,m,要是ssm和小狗都换个队伍就好了
小小黎籽,m,简宝好好休息吧别回去了，这样的rng配不上你
冲出榆中,m,万人血书求退役，带不动
五年十天,m,"锅大 勿归 <span class=""url-icon""><img alt=[嘻嘻] src=""//h5.sinaimg.cn/m/emoticon/icon/default/d_xixi-813ededea2.png"" style=""width:1em; height:1em;"" /></span>巴不得他们死"
攀搏尔,m,"冒昧的问句，直播跟脚受伤有啥关系？我初中翻墙脚摔麻了，我会给你说我同学背着我去的网吧！<span class=""url-icon""><img alt=[允悲] src=""//h5.sinaimg.cn/m/emoticon/icon/default/d_yunbei-9aa3c436a4.png"" style=""width:1em; height:1em;"" /></span>慢慢养吧！想你的第三天，狗男人。<span class=""url-icon""><img alt=[二哈] src=""//h5.sinaimg.cn/m/emoticon/icon/others/d_erha-0fecc90ac1.png"" style=""width:1em; height:1em;"" /></span>"
像风如你丷,f,我滴妈呀 下次注意点呀
小超今天哭了没,m,澡子哥打了八年没证明自己  做梦没想到半年不打证明了自己
超级可爱的小琪琪2019,m,合同结束就别续签了 换个好的队伍
DustyK,m,小狗我们换队吧，他们不值得
溏心蛋煎培根,f,乌兹 求你回来吃三路吧
m噜啦u,m,看看昨天rng比赛 我没猜错的话估计都能跑起来
ThestaRY丶,m,枣子哥快跑
蟑螂恶霸分霸,m,污渍人在家中坐。锅从天上来
胖尧ai怂怂,m,最近我脑子里一直有两个声音 “你快回来吧，家快没了” “退役吧，好好直播，注意身体”
不知名de阿卡丽,m,在线等一个IG.UZI的冠军皮肤
小凛唯和小日和w,m,uzi的职业生涯很励志也很坎坷，充满了遗憾，所以uzi的粉丝都会设想，如果当年选择的不是RNG而是其他队伍，会不会是另一番景色呢……
入于她心润,m,"狗哥我第一次看到RNG在下路打不过对面<span class=""url-icon""><img alt=[泪] src=""//h5.sinaimg.cn/m/emoticon/icon/default/d_lei-1b4b02f8b1.png"" style=""width:1em; height:1em;"" /></span><span class=""url-icon""><img alt=[泪] src=""//h5.sinaimg.cn/m/emoticon/icon/default/d_lei-1b4b02f8b1.png"" style=""width:1em; height:1em;"" /></span><span class=""url-icon""><img alt=[泪] src=""//h5.sinaimg.cn/m/emoticon/icon/default/d_lei-1b4b02f8b1.png"" style=""width:1em; height:1em;"" /></span>"
蓝杂亲女马biss不死不是亲女马,f,"枣子哥对不起，原来你之前承受了这么多，是我错怪你了，赶紧退役千万别回来了，每天开开心心直播不好吗<span class=""url-icon""><img alt=[悲伤] src=""//h5.sinaimg.cn/m/emoticon/icon/default/d_beishang-f8d6de06c8.png"" style=""width:1em; height:1em;"" /></span>"
-夜凡-,m,身体好了，转会吧，rng是扶不起的阿斗，别再出师未捷身先死，去曹营吧，最后才能获得胜利！（去ig吧，适合你凶狠的打法，rng太混了，都等着躺，没人想C以及能C）
别让我呆池子里,m,uzi这么强？把一个3流的队伍带动世界赛
爆辣onion,m,枣子哥，队伍现在很菜，没事，你一定要好好养伤，看看没你的RNG能打成什么样，你不用急，
春困秋乏夏打盹睡不醒的冬三0091,m,我一个IG粉丝在此宣布：uzi真的是世界第一ADC！
accctm,f,喜欢rng是因为有你在，你不在真没什么意思。
想象你在身边在完全失去之前,m,乌兹 换战队吧 这啥b战队不配拥有你
不要太晚睡zZ,m,枣，队危，锅大，勿归
梦幻阿94266,m,"小狗倒了<span class=""url-icon""><img alt=[泪] src=""//h5.sinaimg.cn/m/emoticon/icon/default/d_lei-1b4b02f8b1.png"" style=""width:1em; height:1em;"" /></span><span class=""url-icon""><img alt=[泪] src=""//h5.sinaimg.cn/m/emoticon/icon/default/d_lei-1b4b02f8b1.png"" style=""width:1em; height:1em;"" /></span>"
天神道丶弥彦,m,要不就最后一年找个强队搏一把吧，不管成功与否，退役不能留有遗憾啊
犹记年川,f,澡，换队吧。你拿个冠军再退役不行吗？
疯一样的无敌娜,f,做你想做的，真爱粉都会支持你的。不要被别人玩梗影响了自己的选择，你在粉丝心里一直是最强的。现在不上场反而成了风口浪尖了，uzi真是自带话题的男人
aLLf1nE丶,m,求求你退役吧，别再给观众希望了，求求你了
复生实验,f,真想知道你是怎么把他们抬进世界赛的。。
小小黎籽,m,狗子真的，这支rng不配你来救他了，休息吧
寻梦fear,m,乌兹，还是别上了吧，要背大锅
脚踏风火轮的少年,m,我的uzi 照顾好自己噢 早点休息 晚安啦
seeme-王小帅,m,如果你不退役，我建议你换个队伍，如果你选择退役，那我希望你夏季赛也不要上场。
奥丽安娜丶,f,"好想你啊，没有你的rng真的粉不动了<span class=""url-icon""><img alt=[悲伤] src=""//h5.sinaimg.cn/m/emoticon/icon/default/d_beishang-f8d6de06c8.png"" style=""width:1em; height:1em;"" /></span><span class=""url-icon""><img alt=[悲伤] src=""//h5.sinaimg.cn/m/emoticon/icon/default/d_beishang-f8d6de06c8.png"" style=""width:1em; height:1em;"" /></span>"
L1J1ngZ,m,虽然不想让你打了，但小明还在这...
周五晚上来打牌,m,我30岁了，也是一个奶爸。我从你一出道差不多就喜欢上你了，求你不要退役，再打一个夏季赛吧，再打一个夏季赛吧，我不想要2020年赛场看不见你，我也不想遗憾看不见你。难道要再见了青春？再见，再也不见。
你太让我失望了3713,m,据路透社当地时间4月22日报道，当天，美国国务卿在记者会上再次无端指责中国“隐瞒疫情”，利用疫情“挑衅”，也不忘指责世卫组织……不过提到中国的防疫物资，他的态度倒是来了个大转弯，表示感谢与指望中国继续履行合同。 所以说，没有物资不行。
Itsukiiiiii,m,换个能进世界赛的队伍吧 兄弟们都还想看你再打一年世界赛
1500Km的故事,m,Ig和fpx不可能换ad，去哪里呢？阿水去了res，京东风格不合适，要不去edg吧！
别看了_看我,m,没必要回来了，就这样子吧，偶尔直直播就行了，RNG不配拥有UZI
寄还风,f,"卧槽宝贝注意安全啊<span class=""url-icon""><img alt=[泪] src=""//h5.sinaimg.cn/m/emoticon/icon/default/d_lei-1b4b02f8b1.png"" style=""width:1em; height:1em;"" /></span><span class=""url-icon""><img alt=[泪] src=""//h5.sinaimg.cn/m/emoticon/icon/default/d_lei-1b4b02f8b1.png"" style=""width:1em; height:1em;"" /></span><span class=""url-icon""><img alt=[泪] src=""//h5.sinaimg.cn/m/emoticon/icon/default/d_lei-1b4b02f8b1.png"" style=""width:1em; height:1em;"" /></span>心疼"
上海赵丽颖,f,小简注意安全啊！！
与君初相识ych,f,"陪男友看了一场theshy拿薇恩打rng那场，男友ig粉，要是我乌兹在。。。哪有上单拿薇恩的份对不对<span class=""url-icon""><img alt=[泪] src=""//h5.sinaimg.cn/m/emoticon/icon/default/d_lei-1b4b02f8b1.png"" style=""width:1em; height:1em;"" /></span><span class=""url-icon""><img alt=[泪] src=""//h5.sinaimg.cn/m/emoticon/icon/default/d_lei-1b4b02f8b1.png"" style=""width:1em; height:1em;"" /></span><span class=""url-icon""><img alt=[泪] src=""//h5.sinaimg.cn/m/emoticon/icon/default/d_lei-1b4b02f8b1.png"" style=""width:1em; height:1em;"" /></span><span class=""url-icon""><img alt=[泪] src=""//h5.sinaimg.cn/m/emoticon/icon/default/d_lei-1b4b02f8b1.png"" style=""width:1em; height:1em;"" /></span>"
WongGaiWaa,m,冲去拳头那把平衡师宰了吧，现在tm每个位置都玩得特别扭。
亲爱偏執狂03239,m,为了ming我希望你可以打完今年。
电竞宙斯,m,乌鸡哥还好咱们跑得快，外面都乱套了
一笑奈何Wwj,m,"这个营销俱乐部不值得，转会吧乌兹，还想看你打比赛，去JDG吧 JDG不错<span class=""url-icon""><img alt=[睡] src=""//h5.sinaimg.cn/m/emoticon/icon/default/d_shuijiao-6feb2f1452.png"" style=""width:1em; height:1em;"" /></span>"
小明同學awa,m,"谁也没想到，uzi在队数年都不能证明他的实力，如今不打比赛却告诉世人他有多强<span class=""url-icon""><img alt=[喵喵] src=""//h5.sinaimg.cn/m/emoticon/icon/others/d_miao-61fe2a7aaa.png"" style=""width:1em; height:1em;"" /></span><span class=""url-icon""><img alt=[悲伤] src=""//h5.sinaimg.cn/m/emoticon/icon/default/d_beishang-f8d6de06c8.png"" style=""width:1em; height:1em;"" /></span>"
Hi___雅痞,m,想看你拿一次S冠军，可能没机会了。青春终将结束，又何必为难自己。加油，永远的狂小狗。污渍退役，好多中年人退游。一起挥手青春了。
凛冬柚子茶,m,"想起来当初letme mlxg也是一段时间消失在职业赛场 随后就等来退役  你别这样好吗 真的哭不动了<span class=""url-icon""><img alt=[泪] src=""//h5.sinaimg.cn/m/emoticon/icon/default/d_lei-1b4b02f8b1.png"" style=""width:1em; height:1em;"" /></span>"
十一没有故事,m,枣，快跑，rng不适合你了。
黑长直少女赛高,m,"乌兹，快点和RNG脱离，晦气，您真是一神带4眼<span class=""url-icon""><img alt=[泪] src=""//h5.sinaimg.cn/m/emoticon/icon/default/d_lei-1b4b02f8b1.png"" style=""width:1em; height:1em;"" /></span><span class=""url-icon""><img alt=[泪] src=""//h5.sinaimg.cn/m/emoticon/icon/default/d_lei-1b4b02f8b1.png"" style=""width:1em; height:1em;"" /></span><span class=""url-icon""><img alt=[泪] src=""//h5.sinaimg.cn/m/emoticon/icon/default/d_lei-1b4b02f8b1.png"" style=""width:1em; height:1em;"" /></span><span class=""url-icon""><img alt=[泪] src=""//h5.sinaimg.cn/m/emoticon/icon/default/d_lei-1b4b02f8b1.png"" style=""width:1em; height:1em;"" /></span>我错了，s8s9该冲的不是你<span class=""url-icon""><img alt=[泪] src=""//h5.sinaimg.cn/m/emoticon/icon/default/d_lei-1b4b02f8b1.png"" style=""width:1em; height:1em;"" /></span>"
萌萌哒的撇撇26518,m,快跑吧 uzi 我真绝望了
其实我是会员的,m,别退役，我想买你的皮肤。换队。
离灬殇说,m,今天到底上不上？每天都点下微博希望你能有点消息！别放弃你和大家的梦想啊
CRtheonly,m,"乌鸡锅，姜宝想你了，他都用VN了<span class=""url-icon""><img alt=[悲伤] src=""//h5.sinaimg.cn/m/emoticon/icon/default/d_beishang-f8d6de06c8.png"" style=""width:1em; height:1em;"" /></span>"
达达达Dana,m,RNG在那场18年的bo5后已经死了
还是Ayeee3,m,我就想问一句 璐璐ez那把 小狗打得有什么问题？ 本身就问题严重的rng 一个上单老混子了 小虎也是打得畏畏缩缩的，小龙包就别说了 根本不知道 优势该干嘛 一点优势的气势都没有 辅助规规矩矩 这队伍 你跟我说你们喷小狗？ 我喷你吗 小狗一个ad 点地板真的手都点烂 都带不动一群心里只想混的人
梦里什么都冇,m,污渍通过不上场证明了自己……是他们真的菜，带不动
旗个不多,m,赶快宣布退役吧！就等你退役我再也不看rng了
长发飘飘的鲁尼,m,这都能输，小狗，我们太想你了
LilY_ChriS_P,f,给句痛快话吧，上不上来，你不上就不粉rng了，心累
别再自欺欺人了,m,"知道吗狗子，我粉了你这么多年从来没有像今年这么想你，也从来没有像今年这样想念S8RNG，我以为我喜欢的是RNG，原来只是曾经的那几个人。<span class=""url-icon""><img alt=[悲伤] src=""//h5.sinaimg.cn/m/emoticon/icon/default/d_beishang-f8d6de06c8.png"" style=""width:1em; height:1em;"" /></span>"
Zzzzzzz天宇,m,等你退役，从此不粉RNG，现在越来越菜了，都不想想原因的，瞎玩不认真对待
零度Mystery,m,我真的哭了，虽然不想你上，我也知道现在的rng很废不值得了，但是心里骗不了自己啊，我真的真的真的不想看到rng连季后赛都进不了，最后一把了能不能把你抬上去？算我自私好么
olg很膨胀,m,转会吧就现在这打野节奏赢不了
贫困山区的小朋友,m,乌滋换队伍吧，RNG拖累了你真的
爷在认真学习,m,好好休息宝贝
反向大的拉克丝zz,f,啊我的天 小心狗爪
AyanoOuO,f,"……注意安全啊<span class=""url-icon""><img alt=[跪了] src=""//h5.sinaimg.cn/m/emoticon/icon/default/d_guile-7b3e474f7f.png"" style=""width:1em; height:1em;"" /></span><span class=""url-icon""><img alt=[跪了] src=""//h5.sinaimg.cn/m/emoticon/icon/default/d_guile-7b3e474f7f.png"" style=""width:1em; height:1em;"" /></span><span class=""url-icon""><img alt=[跪了] src=""//h5.sinaimg.cn/m/emoticon/icon/default/d_guile-7b3e474f7f.png"" style=""width:1em; height:1em;"" /></span><span class=""url-icon""><img alt=[跪了] src=""//h5.sinaimg.cn/m/emoticon/icon/default/d_guile-7b3e474f7f.png"" style=""width:1em; height:1em;"" /></span>"
软泥喵,f,"<span class=""url-icon""><img alt=[泪] src=""//h5.sinaimg.cn/m/emoticon/icon/default/d_lei-1b4b02f8b1.png"" style=""width:1em; height:1em;"" /></span><span class=""url-icon""><img alt=[泪] src=""//h5.sinaimg.cn/m/emoticon/icon/default/d_lei-1b4b02f8b1.png"" style=""width:1em; height:1em;"" /></span>注意安全啊宝贝！"
陆云溪aurora,f,rng这个队伍管理层不是什么好东西，别续约了跑吧。
204那点儿事,m,"别退役，你不一样，你是传奇，永不言弃！退役了做直播就会变成普通人，没有梦想的普通人，和我们一样了，别退役！<span class=""url-icon""><img alt=[泪] src=""//h5.sinaimg.cn/m/emoticon/icon/default/d_lei-1b4b02f8b1.png"" style=""width:1em; height:1em;"" /></span>"
嗯哼丶和,m,"说实话，uzi在这个队是真的难。不光得血c,而且之前很多关键指挥也得他做。之前msi让小虎闪现开赢kz,世界赛不是他ez凯瑞加指挥偷大龙怕是北美三号种子cg都赢不了。打职业这东西还是很看运气的吧，和这样的中上打职业感觉是倒了大霉。"
Holygift,m,枣子哥，还剩半年，换个队拼一下吧
太平苦难,m,乌兹 换个队吧 我们再打最后一年。
小孙同学没有猫_,m,"狗哥 换队吧  换个队我们再争取一年好不好  我真的看不下去了<span class=""url-icon""><img alt=[泪] src=""//h5.sinaimg.cn/m/emoticon/icon/default/d_lei-1b4b02f8b1.png"" style=""width:1em; height:1em;"" /></span>"
超级无敌的咸蛋黄超人,m,考虑考虑退役吧，现在的RNG真的不行了，
Enticeney,m,好想看你淋一场金色的雨，rng已经不太适合你了
龙狄雾粼,m,小狗，真心劝你想夺冠就换个有实力的队，不想的话就退役做自己想做的事，不要在这种队伍上浪费时间，你已经仁至义尽了！
北梦南辞,m,狗子。哪怕有一天你转会V5。我们也要把他抬上来。你去哪。我们就支持谁。
普朗克头号粉丝的粉丝0523,m,今年四个名额了，怎么说，马上合约就到期了，我们都尊重你的想法，知道你满身伤病，但是还是不想放过这次绝佳的好机会，唉，说多了都是泪，没有你真的不行啊。。
凛冬柚子茶,m,"哥 你别退好吗 哪怕让我看完一个夏季赛<span class=""url-icon""><img alt=[泪] src=""//h5.sinaimg.cn/m/emoticon/icon/default/d_lei-1b4b02f8b1.png"" style=""width:1em; height:1em;"" /></span><span class=""url-icon""><img alt=[泪] src=""//h5.sinaimg.cn/m/emoticon/icon/default/d_lei-1b4b02f8b1.png"" style=""width:1em; height:1em;"" /></span><span class=""url-icon""><img alt=[泪] src=""//h5.sinaimg.cn/m/emoticon/icon/default/d_lei-1b4b02f8b1.png"" style=""width:1em; height:1em;"" /></span>"
漫人,m,想你了  没你在的一整个赛季  rng就算输了我也没一点伤感  ...
Cbk-,m,"别回来了，4.30合约到期，咱们就遁入虎牙，快乐恰直播，我知道你也不甘心，但是，真的不值得了，你的健康……更重要<span class=""url-icon""><img alt=[悲伤] src=""//h5.sinaimg.cn/m/emoticon/icon/default/d_beishang-f8d6de06c8.png"" style=""width:1em; height:1em;"" /></span>"
_小树同学,m,枣 当主播挺快乐的 别打了 挺累的
犹初识般热衷于你,m,别回来了 枣 咱退役吧 不值得
没有肌肉的胖昊,m,你不在赛场上打出那种精彩操作更是能体现出你的厉害，能把这种带到世界赛我真是服
自豪的炫君,m,小狗赶紧退役，绝了我对RNG的念想
吃瓜贴贴,m,小狗    你还有最后的使命没有完成，那就是lpl历史上第一个全满贯选手 为此你还要努力啊。
杨怡然Christmas,m,你是不是模仿我！
uzi的甜心男友噢,m,这队伍没希望了，退了吧，回去没赢又是无尽的嘲讽，等不到金色的雨了
SRUI瑞瑞瑞,m,真的很想能买到uzi的vn冠军皮肤
JosephZZX,m,哪里有狗明，哪里就有我
黑岛蜻蜓,f,"狗子你想去哪里都可以 只是希望能再多看几场你的比赛 真的想看你去一个能拿冠军的队伍 什么队都可以，不一定非要是rng啊……乌兹真的就想看你拿个冠军了<span class=""url-icon""><img alt=[泪] src=""//h5.sinaimg.cn/m/emoticon/icon/default/d_lei-1b4b02f8b1.png"" style=""width:1em; height:1em;"" /></span>"
翰林院罗学士,m,最近我发现一种挂机方式，天赋点一块饼干，然后挂机，队友不能三分钟重新开始比赛，非常影响游戏体验，我人微言轻，只能到处在大家评论底下留言了。
大魔王以安,m,小虎、狼行不退役咱退吧，不受那气了
Aleeke_C,m,乌兹对不起，当年因为你说皇族都是我在C而黑过你，现在我信了，向你道歉
夏天ie,m,早 狗哥
我与我妻子的二三事,m,"枣子哥在赛场那么多年，始终有人说他没有实力，没想到歇了个春季赛，就证明了自己的实力<span class=""url-icon""><img alt=[doge] src=""//h5.sinaimg.cn/m/emoticon/icon/others/d_doge-861403219c.png"" style=""width:1em; height:1em;"" /></span>"
热心网友廖老师,m,我希望小狗再拼一年，但别在RNG，除非大换血补强。哪怕忍着骂声，去追求你最想要的S赛冠军吧，JDG是个很好的选择，唯一的短板（或者说平庸点）也就是loken，去的话s赛争冠有希望。
灬北辰灬,m,"等不到那场金色的雨了！！<span class=""url-icon""><img alt=[泪] src=""//h5.sinaimg.cn/m/emoticon/icon/default/d_lei-1b4b02f8b1.png"" style=""width:1em; height:1em;"" /></span><span class=""url-icon""><img alt=[泪] src=""//h5.sinaimg.cn/m/emoticon/icon/default/d_lei-1b4b02f8b1.png"" style=""width:1em; height:1em;"" /></span><span class=""url-icon""><img alt=[泪] src=""//h5.sinaimg.cn/m/emoticon/icon/default/d_lei-1b4b02f8b1.png"" style=""width:1em; height:1em;"" /></span><span class=""url-icon""><img alt=[泪] src=""//h5.sinaimg.cn/m/emoticon/icon/default/d_lei-1b4b02f8b1.png"" style=""width:1em; height:1em;"" /></span>真的好难受。"
故事细腻la,m,退役还是转会，选一个吧
混吃等死的包桑,m,菜的离谱，下路什么时候受过这气？
思想渔民,m,"污渍快跑<span class=""url-icon""><img alt=[泪] src=""//h5.sinaimg.cn/m/emoticon/icon/default/d_lei-1b4b02f8b1.png"" style=""width:1em; height:1em;"" /></span>不要回去了 4个菜你吃不完的 <span class=""url-icon""><img alt=[泪] src=""//h5.sinaimg.cn/m/emoticon/icon/default/d_lei-1b4b02f8b1.png"" style=""width:1em; height:1em;"" /></span>"
陆云溪aurora,f,"别看rng比赛奥，gnr里已经有两个都被气吐了<span class=""url-icon""><img alt=[二哈] src=""//h5.sinaimg.cn/m/emoticon/icon/others/d_erha-0fecc90ac1.png"" style=""width:1em; height:1em;"" /></span>"
其实我是会员的,m,换个队 拿个冠军。 退役，封神。RNG哪凉快哪待着。
ForDream1993,m,狗爷，没了你的RNG真的不是那个RNG了。
我要喝手磨coffee,m,"狗爷，要不咱退了吧，天天看你直播挺好的<span class=""url-icon""><img alt=[允悲] src=""//h5.sinaimg.cn/m/emoticon/icon/default/d_yunbei-9aa3c436a4.png"" style=""width:1em; height:1em;"" /></span>"
沸雪春雷,m,别回了，去别的队伍冲一下冠军吧
道系玩家,m,狗砸，如果不退役，就离开rng吧，人家顶多是3带2，或者4带1，你这是1带4啊
圈圈圓圓圈圈0v0,m,枣，锅大，勿归，这只RNG不配有你
leobryant_,m,转会，这支队没救了
宁洛熙,m,枣子哥，锅大，勿归
卡卡卡卡了没,f,"枣，现在已经不是队危不危的时候，是直接队烂了，队亡了<span class=""url-icon""><img alt=[泪] src=""//h5.sinaimg.cn/m/emoticon/icon/default/d_lei-1b4b02f8b1.png"" style=""width:1em; height:1em;"" /></span><span class=""url-icon""><img alt=[泪] src=""//h5.sinaimg.cn/m/emoticon/icon/default/d_lei-1b4b02f8b1.png"" style=""width:1em; height:1em;"" /></span><span class=""url-icon""><img alt=[泪] src=""//h5.sinaimg.cn/m/emoticon/icon/default/d_lei-1b4b02f8b1.png"" style=""width:1em; height:1em;"" /></span>"
W我第一次看见你,m,枣危逃！
Y4nxxx,m,"tiangtiang说的装瘸的就是你<span class=""url-icon""><img alt=[疑问] src=""//h5.sinaimg.cn/m/emoticon/icon/default/d_yiwen-40a816d206.png"" style=""width:1em; height:1em;"" /></span>"
你说我是不是你的胡老师,f,天呀 听着就疼…所以 东西没摔坏吧？
北风中的海燕,m,脚趾伤了一个，暗示五趾不行？？？
是Ming的Nora呀,f,"好好休息啊，辛辣刺激的食物少吃，有啥事喊婷婷<span class=""url-icon""><img alt=[doge] src=""//h5.sinaimg.cn/m/emoticon/icon/others/d_doge-861403219c.png"" style=""width:1em; height:1em;"" /></span><span class=""url-icon""><img alt=[doge] src=""//h5.sinaimg.cn/m/emoticon/icon/others/d_doge-861403219c.png"" style=""width:1em; height:1em;"" /></span><span class=""url-icon""><img alt=[doge] src=""//h5.sinaimg.cn/m/emoticon/icon/others/d_doge-861403219c.png"" style=""width:1em; height:1em;"" /></span>，一定一定要好好养伤<span class=""url-icon""><img alt=[泪] src=""//h5.sinaimg.cn/m/emoticon/icon/default/d_lei-1b4b02f8b1.png"" style=""width:1em; height:1em;"" /></span><span class=""url-icon""><img alt=[泪] src=""//h5.sinaimg.cn/m/emoticon/icon/default/d_lei-1b4b02f8b1.png"" style=""width:1em; height:1em;"" /></span>"
深蓝花落,m,"这下是真卡脚了<span class=""url-icon""><img alt=[泪] src=""//h5.sinaimg.cn/m/emoticon/icon/default/d_lei-1b4b02f8b1.png"" style=""width:1em; height:1em;"" /></span>"
Miss-ery,f,用jio直播的吗
唯一一块自留地,m,你也要注意安全啊
吃雪糕蘸辣酱201808,m,去fpx偷奖杯，结果把脚给砸掉了
拎俩的猪五花,m,哎狗哥要坚强啊
丁纬儒OoO,m,没啥事儿吧？注意要好好休息啊
无花可折啊,m,力气问题，多锻炼吧，没老趴在电脑前了
咫尺天涯ccc,m,"这大猪蹄<span class=""url-icon""><img alt=[允悲] src=""//h5.sinaimg.cn/m/emoticon/icon/default/d_yunbei-9aa3c436a4.png"" style=""width:1em; height:1em;"" /></span>哈哈哈哈"
SA桑朵儿,f,怎么样了，指甲
sunshine-纯引,m,看看这条毛裤
摩羯座特烦恼,m,我也是这个脚被砸了
油门子踩到底619,m,加油，狗仔
sb41927,m,"这让我想起章鱼哥在家被海绵宝宝搬的沙发砸到了脚，也是把指甲盖砸下来了<span class=""url-icon""><img alt=[允悲] src=""//h5.sinaimg.cn/m/emoticon/icon/default/d_yunbei-9aa3c436a4.png"" style=""width:1em; height:1em;"" /></span>"
So丶执念39661,m,这不把甲沟炎都治好了……
MEBMM,m,这也要叫急救。。。感觉小题大做
Uber-朕略呆,m,我 是 五 个 字
半世相伴长情,m,....
轻辞梦别,m,"这痛风的脚<span class=""url-icon""><img alt=[允悲] src=""//h5.sinaimg.cn/m/emoticon/icon/default/d_yunbei-9aa3c436a4.png"" style=""width:1em; height:1em;"" /></span>"
xz粉丝请做人,m,笨死了，怎么可以搬东西。叫女朋友小明去搬
糖堆牙齿不好,m,王朝从未建立，传奇纯属狗屁。
gigapuddig,f,东西没摔坏吧
小明明的小朋友,f,那别看RNG比赛了，我怕你气的站起来，好好休息
维特根斯坦yui,m,"简宝好好的为什么要在屋子里搬东西，早就跟你说了，屋子不行<span class=""url-icon""><img alt=[泪] src=""//h5.sinaimg.cn/m/emoticon/icon/default/d_lei-1b4b02f8b1.png"" style=""width:1em; height:1em;"" /></span>"
一文卷宗,m,"脚砸紫了 暗示无紫不行<span class=""url-icon""><img alt=[doge] src=""//h5.sinaimg.cn/m/emoticon/icon/others/d_doge-861403219c.png"" style=""width:1em; height:1em;"" /></span>"
虎牙直播,f,"简宝注意身体<span class=""url-icon""><img alt=[抱抱] src=""//h5.sinaimg.cn/m/emoticon/icon/default/d_baobao-b928ba5761.png"" style=""width:1em; height:1em;"" /></span><span class=""url-icon""><img alt=[抱抱] src=""//h5.sinaimg.cn/m/emoticon/icon/default/d_baobao-b928ba5761.png"" style=""width:1em; height:1em;"" /></span><span class=""url-icon""><img alt=[抱抱] src=""//h5.sinaimg.cn/m/emoticon/icon/default/d_baobao-b928ba5761.png"" style=""width:1em; height:1em;"" /></span>"
RNG电子竞技俱乐部,f,"好好休息，早日康复<span class=""url-icon""><img alt=[抱抱] src=""//h5.sinaimg.cn/m/emoticon/icon/default/d_baobao-b928ba5761.png"" style=""width:1em; height:1em;"" /></span>"
最强发型师伍六柒,m,好好休息
霍格沃茨年级第三十二,m,"小狗倒了<span class=""url-icon""><img alt=[泪] src=""//h5.sinaimg.cn/m/emoticon/icon/default/d_lei-1b4b02f8b1.png"" style=""width:1em; height:1em;"" /></span>"
Orange_CZY,m,"好好休息<span class=""url-icon""><img alt=[泪] src=""//h5.sinaimg.cn/m/emoticon/icon/default/d_lei-1b4b02f8b1.png"" style=""width:1em; height:1em;"" /></span>"
山药很软,m,引用去年GRF教练的话“rng不足为惧，只靠uzi一个人而已”
女权bo,f,好好休息小狗！！！👩👩爱你！！！
YangCccchen,m,枣 队危 锅大 勿归 连夜跑
全国最调皮,m,"一定要注意安全 破伤风打了吗<span class=""url-icon""><img alt=[允悲] src=""//h5.sinaimg.cn/m/emoticon/icon/default/d_yunbei-9aa3c436a4.png"" style=""width:1em; height:1em;"" /></span>"
Kulaner,m,卧槽卧槽！！看着就好痛！！！！指甲盖！！好好休息  好好休息
多次拒绝BBH,f,"我以前说你是rng的核心是我错了 原来你是rng的亲爹<span class=""url-icon""><img alt=[太开心] src=""//h5.sinaimg.cn/m/emoticon/icon/default/d_taikaixin-97bd3f82d6.png"" style=""width:1em; height:1em;"" /></span>"
Moon鲲,m,枣，赶紧退役吧，这种垃圾队伍不值得你再为了他们拼一年，开开心心直播多好啊
怪兽虐韩杂,m,uzi你居然把他们带进了世界赛 怎么做到的啊
时光说他特别开心哈哈,m,哈哈哈哈哈哈哈哈哈给这个笑话给👴 整笑了 uzi排到宝蓝，对阿水说：你才是是世界第一AD 阿水排到rng四个人，反手回了uzi：不不不，您才是世界第一AD 
ajiucai,m,我听过最真诚不做作的一句话：皇族都是我carry。
Uzi粉丝后援团,m,"<a  href=""https://m.weibo.cn/p/index?extparam=Uzi&containerid=1008088ea22526ea6f80d1c6c731cbb1fb86db"" data-hide=""""><span class='url-icon'><img style='width: 1rem;height: 1rem' src='https://n.sinaimg.cn/photo/5213b46e/20180926/timeline_card_small_super_default.png'></span><span class=""surl-text"">Uzi</span></a> 小简儿要照顾好自己啊，算了不指望，还是指望<a href='/n/不知名最美狗nanny'>@不知名最美狗nanny</a>"
杨先生FORTWOME,m,好好养伤.但求你别退役.我现在身在国外.我想10月份回去看你打总决赛.也是对我的青春来一次告别.有越多的人黑你.骂你.就有越多的人喜欢你.在我眼里你拿不拿冠军不重要.想看你为了成功努力的过程.<a href='/n/UziQAQ'>@UziQAQ</a>
安燃燃燃嘛,f,注意身体啊！看着都好痛！
虎扑电竞,f,好好休息…
人间四月天R,m,如果你真的打算退役的话 作为粉丝的我有一个请求 能不能在退役前在打把比赛  你用vn让我认识了你 你在用vn结束你的职业生涯吧 有始有终，我代表大家拜托了。🙏
致花弋Y,m,"澡，队亡勿归，散伙饭<span class=""url-icon""><img alt=[doge] src=""//h5.sinaimg.cn/m/emoticon/icon/others/d_doge-861403219c.png"" style=""width:1em; height:1em;"" /></span>"
咖喱God,m,狗，队危，勿回，友菜，快跑。
_lovewen_,m,看完今天的比赛，我只想说句uzi永远的神，佩服你能让这个菜比队进世界赛
M子瑞,m,一天，uzi排位匹配到了宝蓝，打完之后，默默的给jkl发私信说道:你才是世界第一ADC。不久后，jkl匹配到RNG4个队友，结束后，jkl回信说:不，您才是真正的世界第一ADC！
森森明儿OuO,f,"好好休息啊小简儿 看着怪心疼的<span class=""url-icon""><img alt=[泪] src=""//h5.sinaimg.cn/m/emoticon/icon/default/d_lei-1b4b02f8b1.png"" style=""width:1em; height:1em;"" /></span> 还有今天别看rng比赛了 万一真气的站起来了<span class=""url-icon""><img alt=[跪了] src=""//h5.sinaimg.cn/m/emoticon/icon/default/d_guile-7b3e474f7f.png"" style=""width:1em; height:1em;"" /></span>"
新年终于可以改昵称LIAO,m,"不会真有人以为RNG不是靠UZI吧？<span class=""url-icon""><img alt=[太开心] src=""//h5.sinaimg.cn/m/emoticon/icon/default/d_taikaixin-97bd3f82d6.png"" style=""width:1em; height:1em;"" /></span>"
王王王王王王王王王王大王,m,千万别回来，输了就是“有了uzi也没用”
北境之云,m,uzi，合同到期了要么换个队伍，要么退役直播，别回rng了。
晚点再说行吗,f,"看看那几个笨比 终于明白为啥拼命吃经济了<span class=""url-icon""><img alt=[doge] src=""//h5.sinaimg.cn/m/emoticon/icon/others/d_doge-861403219c.png"" style=""width:1em; height:1em;"" /></span>"
宇风丶,f,。。。。。。枣子哥，唉，尊重你的决定，但是真的舍不得你，我算半个新观众吧，从2017年的世界赛开始关注了lol的比赛，从那以后一直看着你，从lpl冠军到msi冠军，从这就是的冠军到亚运会的金牌。。再到s8的失利，我仔细想了想，或许我喜欢的只是你啊，小狗，因为你，我一直追看着RNG的比赛，s9你说过
香油皮皮棒棒糖,m,"希望你今年加油，lwx的皮肤拿的也没毛病，别人是冠军就有自己的选择权利，但你是我看lpl的动力，也是很多人的信仰，加油<span class=""url-icon""><img alt=[太开心] src=""//h5.sinaimg.cn/m/emoticon/icon/default/d_taikaixin-97bd3f82d6.png"" style=""width:1em; height:1em;"" /></span>"
拓海Uzi,m,"是不是圣枪哥干的<span class=""url-icon""><img alt=[笑而不语] src=""//h5.sinaimg.cn/m/emoticon/icon/default/d_heiheihei-f7ca09d6e8.png"" style=""width:1em; height:1em;"" /></span>"
Whale-babe,f,你真的太强了 能带动这个队伍
Zhang_x_Dong,m,难道是用脚打游戏的吗
__579xx__,f,好好休息啊
RNG丶Minato,m,有哪些话以前被人喷现在人人认定是真理？uzi：皇族都是我carry
求风留痕,m,枣，咱们跑路吧，别把名声砸在这破队上了
semyao,m,"原来打败小狗的不是ban英雄……是特么搬东西<span class=""url-icon""><img alt=[二哈] src=""//h5.sinaimg.cn/m/emoticon/icon/others/d_erha-0fecc90ac1.png"" style=""width:1em; height:1em;"" /></span>"
西行遇藤i,f,说实话，看完今天的比赛，我就问问枣子哥凭什么不能吃三路？？其他人多拿十几个头照样输
热心网友廖老师,m,狗子，老粉说句真心话，再打一年吧，为S赛拼一把，你的油箱还有油的，去JDG补齐最后一块拼图，NBA的詹姆斯和杜兰特都选择了换队寻找更好的队友，其实你没必要守一城终老了，已经对得起RNG了。
爱睡giao的橘崽,f,保护
建议原地解散嗷,m,枣子哥退役吧，反正手伤都这么严重了，留在RNG这个垃圾队伍也是浪费时间
你的男友hao,m,别退役求你了
窗台胖子,m,30号退役，真的，你再坚持下去，徒增笑料，这玩的都是什么东西啊？你继续坚持下去，这个版本不是AD的版本，你根本不能，一带四，或许你想要拿一个冠军，但这支队伍我觉得根本进不了总决赛，季后赛都是别人抬进去的，如果小凤凰那一把输了，然后呢，无缘季后赛，我们在虎牙当个小主播，大家都会去看你的
realllk,f,"我前几天看ts直播<span class=""url-icon""><img alt=[泪] src=""//h5.sinaimg.cn/m/emoticon/icon/default/d_lei-1b4b02f8b1.png"" style=""width:1em; height:1em;"" /></span>做梦都想要个这样的上单<span class=""url-icon""><img alt=[泪] src=""//h5.sinaimg.cn/m/emoticon/icon/default/d_lei-1b4b02f8b1.png"" style=""width:1em; height:1em;"" /></span>人家粉丝天天笑得不行<span class=""url-icon""><img alt=[泪] src=""//h5.sinaimg.cn/m/emoticon/icon/default/d_lei-1b4b02f8b1.png"" style=""width:1em; height:1em;"" /></span>我们看一场比赛就被气出病<span class=""url-icon""><img alt=[泪] src=""//h5.sinaimg.cn/m/emoticon/icon/default/d_lei-1b4b02f8b1.png"" style=""width:1em; height:1em;"" /></span>原来人家喷rng我必喷回去，现在真的..只想跟他们一起喷<span class=""url-icon""><img alt=[泪] src=""//h5.sinaimg.cn/m/emoticon/icon/default/d_lei-1b4b02f8b1.png"" style=""width:1em; height:1em;"" /></span>你别回来了，不值得！！！"
五年十天,m,狗子，俱乐部哪怕用他亲妈来求你续约，你也千万别答应。
心悅伱呀,m,【RNG战队英雄联盟分部人员变动公告】   即日起，RNG、Uzi（简自豪）正式退役。从S3的皇族，到S6重回RNG至今，uzi以主力ADCarry的身份与RNG并肩作战，在役期间，带领队伍斩获诸多赛场荣誉，也留下了更多美好回忆，辛苦了！祝以后的生活还能和赛场上一样，精彩纷呈。人生有梦，各自精彩，你是永远的神～
顾刻铭,m,我的天，期待破灭了。。。。
E_TN,m,"真就卡脚了呗<span class=""url-icon""><img alt=[悲伤] src=""//h5.sinaimg.cn/m/emoticon/icon/default/d_beishang-f8d6de06c8.png"" style=""width:1em; height:1em;"" /></span>"
yylxmhappy,m,我以为我是冠军粉，直到ig夺冠我才知道我喜欢的是全华班rng。我以为我粉的是rng，直到这两年没有乌兹的rng惨败，我才明白我粉的是永远滴神。
星光亦可耀眼,m,退了吧，这队友真是都他妈在裸泳，还怪你块头大把池子占满了。无力
会走路的三十,m,以前我一直觉得阿水带妹夺冠挺离谱的，现在知道枣子哥还是永远滴神，这彩笔队友年年能带去世界赛
