波多野地瓜,f,嘴上说着大家随便骂吧其实心里还是不舍得你挨骂但是这个季后赛打的真的太烂了不是担心你技术下滑就怕你还意识不到自己的问题 不过我知道你是个心里有数的人 好好准备夏季赛 辜不辜负粉丝倒无所谓 希望你别辜负自己
L5443G,f,加油！！！
iG电子竞技俱乐部,f,大家都相信你，喜欢你！夏季赛加油！[加油][加油]
0O0O00OO,m,승록이 많이 수고했어요.우리는 항상 승록이 믿어요.어머니도 너무 적정하지 마세요.！！！
神神气气铲屎官,f,没关系，你要好好去看医生，我们夏季赛见！！
Adorey_,f,"“无论输赢成败 你那么好 我要一直喜欢你.<span class=""url-icon""><img alt=[心] src=""//h5.sinaimg.cn/m/emoticon/icon/others/l_xin-6912791858.png"" style=""width:1em; height:1em;"" /></span>”"
易先生的小烊羔,f,辉煌时刻慕名而来，低谷时期也决不转身离去，但是今天看的我一脸懵了，殿军殿军殿军，加油加油加油。。 
一个人做的事_,f,我们有期望是因为你有那个能力，你很强。多和教练沟通，多和队友沟通。包袱别太重，这是个团队游戏，有些东西，改舍弃的就应该舍弃。漏点刀帮队友打开局面，牺牲点钱去买真眼，无所谓的，能赢比赛才是真理啊，shy哥。
苏苏难产粮,f,不要浪费你的天赋了，你是我第一个喜欢的电竞选手，我相信你是有能力的
姜宋羿,f,加油！好好休息好好调整！夏季赛见
不缺水zzz,f,shy哥加油呀，期待夏天更好的你[加油]
她家甜品真好吃,m,道歉没意义，希望不要再射手了，好好研究上单英雄，曾经无敌开团打团的你现在真的看不到了，要考虑整体阵容！加油吧，因为你休学时间有限，希望在lpl，在整个lol都永远光辉下去，真正的光辉时候退场，真的希望…教练也有问题，不能制止你们，那你就要克制自己了
utterNotASingleWord,f,别浪费自己的天赋与时间，shy哥，粉丝不重要，你们的成绩最重要啊！！
超级厉害的凡妹,f,shyshy加油！
姜落·,f,相信你会调整好自己的状态，要自信，加油！夏季赛会是一个更好的你！
Liuchxxi-,f,加油，去看看牙齿，好好恢复状态，我们等你回来。
TheShy_Fans联合应援博,f,趁着放假去医院看下牙齿。调整好状态我们夏季赛见
冬日的兔耳朵,f,"你一定要加油啊<span class=""url-icon""><img alt=[泪] src=""//h5.sinaimg.cn/m/emoticon/icon/default/d_lei-1b4b02f8b1.png"" style=""width:1em; height:1em;"" /></span><span class=""url-icon""><img alt=[泪] src=""//h5.sinaimg.cn/m/emoticon/icon/default/d_lei-1b4b02f8b1.png"" style=""width:1em; height:1em;"" /></span>[加油][加油]我们相信你的"
阿媸是吃梨子长大的,f,希望在这一次生活的“毒打”之后，你能真正品尝到每一次胜利的得来不易，并以此为鉴继续前行。我会继续作为你的粉丝支持你的。
圈圈_YUANYUAN_天天,f,"相信你会努力调整！会继续支持你的，加油<span class=""url-icon""><img alt=[给你小心心] src=""//h5.sinaimg.cn/m/emoticon/icon/others/qixi2018_xiaoxinxin-afb8c6ea83.png"" style=""width:1em; height:1em;"" /></span>"
鱼崽这波不亏,f,要自责，但是不能心态崩掉，可以找肉鸡聊聊天或者和朋友都可以。要反思，要适应版本，版本不会适应你，不可以沉迷手长打手短。要听教练的话，虽然不知道他到底有没有用。最后，这是五个人的游戏，三冠也是你的梦想，不辜负自己和队友就行。虽然生气，但还是相信你，希望你能正视自己的问题，好好改正。
简安素,f,"借用以前看过的一个故事中的两句话，希望你在拼搏的过程中能做到“不要怕”，希望你将来退役后回顾你的职业生涯能做到“不要悔”<span class=""url-icon""><img alt=[抱抱] src=""//h5.sinaimg.cn/m/emoticon/icon/default/d_baobao-b928ba5761.png"" style=""width:1em; height:1em;"" /></span><span class=""url-icon""><img alt=[心] src=""//h5.sinaimg.cn/m/emoticon/icon/others/l_xin-6912791858.png"" style=""width:1em; height:1em;"" /></span> 粉了这么些年，虽然会生气，会批评你，但是从不后悔粉你。现在，虽然过程会很难，只希望你能跨过这个坎，请相信你自己。"
小孩Kiddddd,m,没事的shyshy 夏季赛加油！
啊蝶Q,f,你不需要抱歉 love shyshy forever！！！！！
不开花的圣树子,f,夏季赛打回来！！
沫升仁-DTM,f,"加油，以更的姿态迎接夏季赛<span class=""url-icon""><img alt=[给你小心心] src=""//h5.sinaimg.cn/m/emoticon/icon/others/qixi2018_xiaoxinxin-afb8c6ea83.png"" style=""width:1em; height:1em;"" /></span>因为是你，所以相信<span class=""url-icon""><img alt=[作揖] src=""//h5.sinaimg.cn/m/emoticon/icon/others/h_zuoyi-cb12e18fd5.png"" style=""width:1em; height:1em;"" /></span>"
Drakoshka,f,bu yao you tai da ya li！！hao hao zhao gu zi ji，shen ti jian kang hen zhong yao！！
帕克里斯-,f,加油啊啊啊啊啊啊啊 theshy选手我们夏天见！！
王鹿子,f,"期待那个天使天神抽血泵！ 真正的粉丝不会在你低谷时离开<span class=""url-icon""><img alt=[给你小心心] src=""//h5.sinaimg.cn/m/emoticon/icon/others/qixi2018_xiaoxinxin-afb8c6ea83.png"" style=""width:1em; height:1em;"" /></span><span class=""url-icon""><img alt=[给你小心心] src=""//h5.sinaimg.cn/m/emoticon/icon/others/qixi2018_xiaoxinxin-afb8c6ea83.png"" style=""width:1em; height:1em;"" /></span><span class=""url-icon""><img alt=[给你小心心] src=""//h5.sinaimg.cn/m/emoticon/icon/others/qixi2018_xiaoxinxin-afb8c6ea83.png"" style=""width:1em; height:1em;"" /></span>永远在 小姜加油💪"
The西,f,"就知道你会道歉<span class=""url-icon""><img alt=[跪了] src=""//h5.sinaimg.cn/m/emoticon/icon/default/d_guile-7b3e474f7f.png"" style=""width:1em; height:1em;"" /></span><span class=""url-icon""><img alt=[跪了] src=""//h5.sinaimg.cn/m/emoticon/icon/default/d_guile-7b3e474f7f.png"" style=""width:1em; height:1em;"" /></span>那就赢回来啊！！！！我晒哥怎么能忍受就这样被打败！"
whitebab,m,加油shy哥，我永远相信姜承禄选手！！！！！！
妙仔不是旺仔mmlikl,m,"没有关系继续加油<span class=""url-icon""><img alt=[赞] src=""//h5.sinaimg.cn/m/emoticon/icon/others/h_zan-e3d1e596da.png"" style=""width:1em; height:1em;"" /></span><span class=""url-icon""><img alt=[赞] src=""//h5.sinaimg.cn/m/emoticon/icon/others/h_zan-e3d1e596da.png"" style=""width:1em; height:1em;"" /></span><span class=""url-icon""><img alt=[赞] src=""//h5.sinaimg.cn/m/emoticon/icon/others/h_zan-e3d1e596da.png"" style=""width:1em; height:1em;"" /></span>"
虎扑电竞,f,加油
5ry_b92h,f,shyshy加油加油。
NASAde,f,你要是自责你就好好打，别整些没用的，调整状态实力说话
我心态从不会崩,m,虽然我是rng粉丝，但是我也很喜欢你，你的技术大家伙儿都知道，你的实力不需要多说，人也很好，虽然你的脑残粉很恶心，但是骂也是骂你的那帮脑残粉，你的为人谦虚多粉丝很好，实力更是顶级，希望你越来越好不需要道歉，谁都有发挥失常的时候，毕竟人不是机器
蔡蜜桃儿,f,不要说对不起 下个赛季加油！！！
是李梓L嗯呐,f,抱抱抱抱
TheHermia,f,“打比赛不是为了粉丝而打 而是为自己很私人的理想 怎么样打才合适 需要你自己来决定 因为你才是职业选手” 别辜负了你自己啊姜承錄
龚子棋别娶我了打_钱吧,f,好好调整心态 夏天见
喜欢喝橙汁OvO,f,"好好加油，我们相信你，会打回来的<span class=""url-icon""><img alt=[拳头] src=""//h5.sinaimg.cn/m/emoticon/icon/others/h_quantou-0a4441543d.png"" style=""width:1em; height:1em;"" /></span>"
希然lris的颜粉,m,🙈状态不好  shy哥等你夏季赛  这段时间好好恢复
鹿祺嗷_,m,好好看牙 我们夏天再见 希望能看到那个神挡杀神，佛挡杀佛的shy哥
峡谷律律,m,好好加油 打出成绩
喵弧大队总舵主,f,"没有辜负，我对你最大的愿望是你能享受你的职业生涯，不辜负你的天赋和努力就可以了，最重要是享受这段时光，不用太有压力<span class=""url-icon""><img alt=[给你小心心] src=""//h5.sinaimg.cn/m/emoticon/icon/others/qixi2018_xiaoxinxin-afb8c6ea83.png"" style=""width:1em; height:1em;"" /></span><span class=""url-icon""><img alt=[给你小心心] src=""//h5.sinaimg.cn/m/emoticon/icon/others/qixi2018_xiaoxinxin-afb8c6ea83.png"" style=""width:1em; height:1em;"" /></span><span class=""url-icon""><img alt=[给你小心心] src=""//h5.sinaimg.cn/m/emoticon/icon/others/qixi2018_xiaoxinxin-afb8c6ea83.png"" style=""width:1em; height:1em;"" /></span><span class=""url-icon""><img alt=[给你小心心] src=""//h5.sinaimg.cn/m/emoticon/icon/others/qixi2018_xiaoxinxin-afb8c6ea83.png"" style=""width:1em; height:1em;"" /></span>永远相信你<span class=""url-icon""><img alt=[给你小心心] src=""//h5.sinaimg.cn/m/emoticon/icon/others/qixi2018_xiaoxinxin-afb8c6ea83.png"" style=""width:1em; height:1em;"" /></span><span class=""url-icon""><img alt=[给你小心心] src=""//h5.sinaimg.cn/m/emoticon/icon/others/qixi2018_xiaoxinxin-afb8c6ea83.png"" style=""width:1em; height:1em;"" /></span><span class=""url-icon""><img alt=[给你小心心] src=""//h5.sinaimg.cn/m/emoticon/icon/others/qixi2018_xiaoxinxin-afb8c6ea83.png"" style=""width:1em; height:1em;"" /></span>"
敖丽heheda,f,"相信你哟……<span class=""url-icon""><img alt=[心] src=""//h5.sinaimg.cn/m/emoticon/icon/others/l_xin-6912791858.png"" style=""width:1em; height:1em;"" /></span><span class=""url-icon""><img alt=[心] src=""//h5.sinaimg.cn/m/emoticon/icon/others/l_xin-6912791858.png"" style=""width:1em; height:1em;"" /></span><span class=""url-icon""><img alt=[心] src=""//h5.sinaimg.cn/m/emoticon/icon/others/l_xin-6912791858.png"" style=""width:1em; height:1em;"" /></span>"
小洁自传,f,"shyshy 加油啊 好好找原因 不要有负担 好好准备 我们夏天见！！！！<span class=""url-icon""><img alt=[羞嗒嗒] src=""//h5.sinaimg.cn/m/emoticon/icon/lxh/lxh_xiudada-f44e8f5688.png"" style=""width:1em; height:1em;"" /></span><span class=""url-icon""><img alt=[羞嗒嗒] src=""//h5.sinaimg.cn/m/emoticon/icon/lxh/lxh_xiudada-f44e8f5688.png"" style=""width:1em; height:1em;"" /></span><span class=""url-icon""><img alt=[羞嗒嗒] src=""//h5.sinaimg.cn/m/emoticon/icon/lxh/lxh_xiudada-f44e8f5688.png"" style=""width:1em; height:1em;"" /></span>"
C小姐_Tina,f,别别别，好好休息养好身体，调整调整状态，人总有低谷期，也会有失误，好好调整夏季赛重新开始！加油，不要被热搜那些喷子影响了心态。喜欢你的粉丝喜欢IG的粉丝会一如既往的支持你。别自责。
香呱双,f,"好吧 加油<span class=""url-icon""><img alt=[失望] src=""//h5.sinaimg.cn/m/emoticon/icon/default/d_shiwang-7925938d93.png"" style=""width:1em; height:1em;"" /></span>"
这个世界会好吗yh,m,为什么第三把不远杰斯？？
吃辣就爆炸,f,没关系！我们还是相信你！心理压力不要太大！去看牙医好好休息好好调整！夏天见！！
我也想盘核桃,f,下个赛季，再加油💪
hi还是豪仔呀,m,"shy哥 答应我 对得起自己的天赋好吗<span class=""url-icon""><img alt=[泪] src=""//h5.sinaimg.cn/m/emoticon/icon/default/d_lei-1b4b02f8b1.png"" style=""width:1em; height:1em;"" /></span>职业生涯能有多长呢？rookie还能陪你打几年呢？草！说的我想哭了"
我是西西不是嘻嘻的哇,f,"你技术没有下滑英雄池没有问题 但是要意识到自己的打发和意识是真的会导致输比赛了 输了只觉得是自己操作失误这样是不对的 逆版本英雄别选了 觉得不好玩觉得分奴的英雄不喜欢就不玩这也太任性了 敢抓敢死还能高输出是你的优点但也是整个队伍的软肋 你说过想要在掌声中离开 那就别辜负自己啊<span class=""url-icon""><img alt=[心] src=""//h5.sinaimg.cn/m/emoticon/icon/others/l_xin-6912791858.png"" style=""width:1em; height:1em;"" /></span>"
我是姚含,m,啥话也不说了，加油吧！
楊楊楊一菀,f,继续加油吧！
七七又在喝奶茶,f,真的要好好调整哦!!相信你夏季赛可以重回状态!!加油!!!!!
憨批给爷闭嘴,f,加油加油加油！相信你！注意身体
甜甜的恋爱宣言,f,"你真的要好好反省  但是我相信你之后会做得更好的 加油<span class=""url-icon""><img alt=[心] src=""//h5.sinaimg.cn/m/emoticon/icon/others/l_xin-6912791858.png"" style=""width:1em; height:1em;"" /></span>"
FiddleLeaf,f,"你好好的。要记得照顾好自己身体是第一位。加油。我们夏季赛等你<span class=""url-icon""><img alt=[给你小心心] src=""//h5.sinaimg.cn/m/emoticon/icon/others/qixi2018_xiaoxinxin-afb8c6ea83.png"" style=""width:1em; height:1em;"" /></span>"
乌龙冰奶盖,f,对竞的热情一直只有你一人而已。职业生涯会一直陪你的。
TigerLilyAKA,f,加油啊！夏天再见
花彦屿泽,m,长点心吧shy哥 唉 加油吧
曼居虾滑,f,"所有的不足我们都要承认，状态起伏也是事实，但是我相信失利只是暂时的，不要被失败击垮，我们好好总结调整，夏天重新回来好不好<span class=""url-icon""><img alt=[心] src=""//h5.sinaimg.cn/m/emoticon/icon/others/l_xin-6912791858.png"" style=""width:1em; height:1em;"" /></span>"
99是只小小鸟,f,Shyshy加油！
你就别来烦我_,f,唔……我还是很喜欢你 但是也请你好好调整自己 不要只是说说而已 真的 夏天请让我继续期待你 加油吧
她家甜品真好吃,m,你们是真的在改变，在变本加利的变差。没有了奇迹团，甚至没开团。防守大闸也看不到了，把自己的优势打没了，曾经那些光辉的英雄池看不到了，吸血鬼瑞兹青钢影剑姬马尔船长……数起来都费劲，现在呢，除了射手就剩剑魔杰斯了…s9的道歉让我们很心疼，所以鼓励你，结果呢，唉，以后没有鼓励了…
王鹿子,f,"没有啊！ 调整状态！期待那个天使天神抽血泵！ 真正的粉丝不会在你低谷时离开<span class=""url-icon""><img alt=[给你小心心] src=""//h5.sinaimg.cn/m/emoticon/icon/others/qixi2018_xiaoxinxin-afb8c6ea83.png"" style=""width:1em; height:1em;"" /></span><span class=""url-icon""><img alt=[给你小心心] src=""//h5.sinaimg.cn/m/emoticon/icon/others/qixi2018_xiaoxinxin-afb8c6ea83.png"" style=""width:1em; height:1em;"" /></span><span class=""url-icon""><img alt=[给你小心心] src=""//h5.sinaimg.cn/m/emoticon/icon/others/qixi2018_xiaoxinxin-afb8c6ea83.png"" style=""width:1em; height:1em;"" /></span>永远在 小姜加油💪"
Chloe___shen,f,"继续加油啊<span class=""url-icon""><img alt=[拳头] src=""//h5.sinaimg.cn/m/emoticon/icon/others/h_quantou-0a4441543d.png"" style=""width:1em; height:1em;"" /></span><span class=""url-icon""><img alt=[拳头] src=""//h5.sinaimg.cn/m/emoticon/icon/others/h_quantou-0a4441543d.png"" style=""width:1em; height:1em;"" /></span><span class=""url-icon""><img alt=[拳头] src=""//h5.sinaimg.cn/m/emoticon/icon/others/h_quantou-0a4441543d.png"" style=""width:1em; height:1em;"" /></span>"
深深nnnnn,m,希望你们意识到不是操作的问题，而是你们思想和决策执行真的出了问题
卑微小胖全,f,"哥，不要啊<span class=""url-icon""><img alt=[悲伤] src=""//h5.sinaimg.cn/m/emoticon/icon/default/d_beishang-f8d6de06c8.png"" style=""width:1em; height:1em;"" /></span><span class=""url-icon""><img alt=[悲伤] src=""//h5.sinaimg.cn/m/emoticon/icon/default/d_beishang-f8d6de06c8.png"" style=""width:1em; height:1em;"" /></span><span class=""url-icon""><img alt=[悲伤] src=""//h5.sinaimg.cn/m/emoticon/icon/default/d_beishang-f8d6de06c8.png"" style=""width:1em; height:1em;"" /></span>不要道歉啊，小甜姜，你真的尽力了啊<span class=""url-icon""><img alt=[泪] src=""//h5.sinaimg.cn/m/emoticon/icon/default/d_lei-1b4b02f8b1.png"" style=""width:1em; height:1em;"" /></span><span class=""url-icon""><img alt=[泪] src=""//h5.sinaimg.cn/m/emoticon/icon/default/d_lei-1b4b02f8b1.png"" style=""width:1em; height:1em;"" /></span><span class=""url-icon""><img alt=[泪] src=""//h5.sinaimg.cn/m/emoticon/icon/default/d_lei-1b4b02f8b1.png"" style=""width:1em; height:1em;"" /></span>你要加油啊，我们一直在，你要照顾好自己啊<span class=""url-icon""><img alt=[泪] src=""//h5.sinaimg.cn/m/emoticon/icon/default/d_lei-1b4b02f8b1.png"" style=""width:1em; height:1em;"" /></span><span class=""url-icon""><img alt=[泪] src=""//h5.sinaimg.cn/m/emoticon/icon/default/d_lei-1b4b02f8b1.png"" style=""width:1em; height:1em;"" /></span>"
TheShy南门涮肉,m,没事，iG总殿军这事儿吧，咱熟
danren单,f,加油 会一直看你比赛的
糊涂本糊_,f,"没关系<span class=""url-icon""><img alt=[心] src=""//h5.sinaimg.cn/m/emoticon/icon/others/l_xin-6912791858.png"" style=""width:1em; height:1em;"" /></span>"
小当家七号,m,我玩的是中单，但总遗憾如果年纪再小些肯定会被shy哥感染转型疯狂练上单。shy哥状态很差确实很多次断送了比赛，每个人都有状态好坏，不可能永远在山顶，我相信他这样的选手是有一颗学徒的心，希望别人喷他的时候也不要太过了，不要影响到各自的生活。期待夏季赛的ig，更期待ts找回上单的统治力！
私人浪漫m,f,你会成为更好的自己
叫我月亮m哥哥,m,没事的，神也会有光彩暗淡的那一刻，吸取教训，超越自我，夏季赛加油！[加油][加油]
努力努力再努力q2020,m,"加油！<span class=""url-icon""><img alt=[心] src=""//h5.sinaimg.cn/m/emoticon/icon/others/l_xin-6912791858.png"" style=""width:1em; height:1em;"" /></span><span class=""url-icon""><img alt=[心] src=""//h5.sinaimg.cn/m/emoticon/icon/others/l_xin-6912791858.png"" style=""width:1em; height:1em;"" /></span><span class=""url-icon""><img alt=[心] src=""//h5.sinaimg.cn/m/emoticon/icon/others/l_xin-6912791858.png"" style=""width:1em; height:1em;"" /></span>一直支持你[加油][加油][加油]夏天见，上海见<span class=""url-icon""><img alt=[兔子] src=""//h5.sinaimg.cn/m/emoticon/icon/others/d_tuzi-ff7bf5a0f1.png"" style=""width:1em; height:1em;"" /></span>"
Seo_Jnee,f,"好好休息<span class=""url-icon""><img alt=[心] src=""//h5.sinaimg.cn/m/emoticon/icon/others/l_xin-6912791858.png"" style=""width:1em; height:1em;"" /></span>夏天加油!<span class=""url-icon""><img alt=[给你小心心] src=""//h5.sinaimg.cn/m/emoticon/icon/others/qixi2018_xiaoxinxin-afb8c6ea83.png"" style=""width:1em; height:1em;"" /></span><span class=""url-icon""><img alt=[给你小心心] src=""//h5.sinaimg.cn/m/emoticon/icon/others/qixi2018_xiaoxinxin-afb8c6ea83.png"" style=""width:1em; height:1em;"" /></span>"
停停别加糖,f,快去整牙吧！！快！！牙疼太难受了！加油！好好训练！夏天再冲！！
NASAde,f,确实很有问题，加油吧
小诗彤,f,没关系！我们下赛季见！加油啊ts选手！！！
路过一家米线店,f,想看你的剑姬，刀妹！！！战士操作起来！
珂Anker,f,夏天见，加油啊！！！
今天也要很沙雕a,f,小姜不要辜负了自己的天赋啊  还是相信你会好好练的！还有 不要迷恋ad上单了！不要迷恋了！把你的英雄海捡回来啊啊啊啊啊
AwiXuAnNn,f,好好调整，夏季赛加油
Marrrrisol-,f,害 carry的时候随便吹 输了比赛还是轻喷吧 最难受的永远是选手 状态有起伏也很正常（不过lpl爱造神的毛病什么时候能改）
抓住光的年c,m,我求你了，夏季赛当个人吧，别整那些花里胡哨的了，你好好打你就是世界第一上单，你看你现在玩的什么玩意儿啊？以前英雄海，现在正手滑板鞋反手卢锡安，不说你是不是对得起粉丝的期望，你对得起血妈C的肉鸡吗？
舟舟舟舟舟舟舟舟舟舟舟舟舟,m,我想看到的是赢了的ts，是拿冠军的ts，而不是胡不肉那种ts。加油吧
一梦华胥六七载,f,"我吐了。这就是冠军粉吗？<span class=""url-icon""><img alt=[费解] src=""//h5.sinaimg.cn/m/emoticon/icon/default/d_feijie-bac8e40ab4.png"" style=""width:1em; height:1em;"" /></span>theshy的打法一直这样啊。逆版本英雄也不是一天两天了，以前赛季敢抓敢死的次数比现在多吧？只不过以前被疯狂针对超鬼的时候另外两路会站出来，现在另外两路没有C起来所以怪他超鬼？这就是ig粉丝吗？这就是ig粉丝吗？吐了吐了<span class=""url-icon""><img alt=[费解] src=""//h5.sinaimg.cn/m/emoticon/icon/default/d_feijie-bac8e40ab4.png"" style=""width:1em; height:1em;"" /></span>"
最爱发育姜承録,m,虽然我不想承认 但是感觉shy哥 你这个季后赛打的真的好像没有了自信  你已经不像去年一样  可以精准的计算伤害  一秀二  也总被针对打不出线上的压制力  不像从前那样是自信的去莽 因为你相信你的伤害计算  你去莽是绝对会有效果给队伍带来增益的  而现在你已经对自己的伤害计算缺少了自信
雏田儿,f,别自责 调整好状态 夏季赛加油 ShyShy是最棒的！
权巨星的小娇妻,f,"我们夏天见啊！<span class=""url-icon""><img alt=[给你小心心] src=""//h5.sinaimg.cn/m/emoticon/icon/others/qixi2018_xiaoxinxin-afb8c6ea83.png"" style=""width:1em; height:1em;"" /></span>"
普通男孩normal,m,口区，饭圈母🐶 是真tm的恶心啊，比赛比赛看不懂，游戏游戏打不明白，天天就搁那硬吹shy皇，人the shy微博道个歉，继续去大乱斗了，也就一群母🐶 舔了
电话打不通因为正在发酒疯,m,没事 真没你和肉鸡 ig也就垮了 重拾战士上单吧
荆轲牌燕太子丹,m,shy哥你长点心吧，每次回家都满装备栏不带眼光靠饰品眼，眼位还被研究透了。每次不看队友位置上去硬凶四五个人，你自己看是送的次数多还是天神下凡次数多？还有别专注射手了，排位也多打打其他热门上单英雄
小魔王崽崽,f,shy哥夏季赛加油！
刘昊然和我szd,f,加油加油加油，好好调整状态，我们夏季赛再打回来就好[加油]
是我的盖世英雄呀,f,Theshy选手继续加油 夏季赛杀回来！
谁糊狗谁的鸡儿,f,夏天加油吧
小仙很忙-,f,"加油⛽️夏季赛见<span class=""url-icon""><img alt=[兔子] src=""//h5.sinaimg.cn/m/emoticon/icon/others/d_tuzi-ff7bf5a0f1.png"" style=""width:1em; height:1em;"" /></span>"
男神_第一爷,m,我真的觉得恶心。他是靠ad上单出名的嘛？明明是天神下凡，恶魔降临，还有akl，吸血鬼。现在他玩ad上单怎么了？都是职业选手，你们也可以玩阿，英雄放在那里。让你们不玩了？你们不敢玩，他玩可以c，每次比赛自己去看看，哪个队伍上单，能被这么照顾？一些狗喷子，没长脑子。真恶心。
这都是什么-,m,所以你又开始打大乱斗了是吗。。
锦瑟安-,f,加油💪
安安安安逸Gj,m,这版本akl吸血鬼上不了场  操作确实玩不太动  这点能理解。 可敢抓敢死是什么原因？ 不管是不是被针对  中mis了不走？ 装什么啊？  还有人甩锅给老宋没发信号的  爷寻思比赛不开麦是吧？  真把自己代入提款机了？ 历史上的顶级选手里  敢抓敢死绝对不是一个褒义词  搞不懂某些shy孝子怎么觉得这很骄傲
afafnafa,m,"小虎点赞了<span class=""url-icon""><img alt=[泪] src=""//h5.sinaimg.cn/m/emoticon/icon/default/d_lei-1b4b02f8b1.png"" style=""width:1em; height:1em;"" /></span>"
抒妹的晨哥儿,m,ig春季赛夏季赛也不是没输过，能不能别那么玻璃心，冠军粉？查缺补漏，夏季赛再来。出名了，一帮狗来舔，输了状态不好了就tm的众人倒？这特么就是某些人的特质？喷小狗？喷厂长？喷这喷那的，可别这样，牛奶凉了可以在热，那人心呢？？做个人吧。有建议性的提出意见可以理解，忠言逆耳利于行！
Kinoko_渡辺良生,f,너무 미안한다 라는 말을 대신 문제점을 잘 생각하고 잘 쉬고 상대을 다 돌아 올수 있다 제가 이렇게 믿고 있어요.수고 했어요 그럼 우리 여름에 만나요 !^^
THEbirdsaid,f,不不不 shy哥 你是最好的宝贝 夏季赛加油 fighting♥️
HiLarose,f,shy哥一定要加油啊啊啊 他们骂你的时候好心酸 希望你好好调整状态 不要浪费自己的天赋和青春啊 加油！！！！
theshy的小女友,f,加油！！！相信你
上杉绘梨衣AM,m,没事，继续加油！
Ylisayo,f,一些人能不能少操点闲心了，这决赛打完才几天人想玩啥玩啥不行啊，真的看烦了，稍微玩一把一个劲说，真的烦啊啊啊
OppsHailey,f,"<span class=""url-icon""><img alt=[抱抱] src=""//h5.sinaimg.cn/m/emoticon/icon/default/d_baobao-b928ba5761.png"" style=""width:1em; height:1em;"" /></span><span class=""url-icon""><img alt=[抱抱] src=""//h5.sinaimg.cn/m/emoticon/icon/default/d_baobao-b928ba5761.png"" style=""width:1em; height:1em;"" /></span><span class=""url-icon""><img alt=[抱抱] src=""//h5.sinaimg.cn/m/emoticon/icon/default/d_baobao-b928ba5761.png"" style=""width:1em; height:1em;"" /></span><span class=""url-icon""><img alt=[抱抱] src=""//h5.sinaimg.cn/m/emoticon/icon/default/d_baobao-b928ba5761.png"" style=""width:1em; height:1em;"" /></span><span class=""url-icon""><img alt=[心] src=""//h5.sinaimg.cn/m/emoticon/icon/others/l_xin-6912791858.png"" style=""width:1em; height:1em;"" /></span><span class=""url-icon""><img alt=[心] src=""//h5.sinaimg.cn/m/emoticon/icon/others/l_xin-6912791858.png"" style=""width:1em; height:1em;"" /></span><span class=""url-icon""><img alt=[心] src=""//h5.sinaimg.cn/m/emoticon/icon/others/l_xin-6912791858.png"" style=""width:1em; height:1em;"" /></span>"
多余的妹妹,f,不要道歉！夏季赛赢回来！我们永远相信你！사과하지마.우리는 영원히 너를믿는다！
自在独行L2,m,"我们知道你真的很想打好给我们看，这就够了。没事的，shy哥，我们夏季赛见<span class=""url-icon""><img alt=[心] src=""//h5.sinaimg.cn/m/emoticon/icon/others/l_xin-6912791858.png"" style=""width:1em; height:1em;"" /></span><span class=""url-icon""><img alt=[心] src=""//h5.sinaimg.cn/m/emoticon/icon/others/l_xin-6912791858.png"" style=""width:1em; height:1em;"" /></span>"
是一块小饼干不,f,夏天不见不散
Nebulardiary,f,一直相信你！永远支持你！
他是颗花椰菜,f,夏季赛见，加油！
啵啵的喻圆甜,f,"没事没事 加油💪我们夏季赛见<span class=""url-icon""><img alt=[给你小心心] src=""//h5.sinaimg.cn/m/emoticon/icon/others/qixi2018_xiaoxinxin-afb8c6ea83.png"" style=""width:1em; height:1em;"" /></span><span class=""url-icon""><img alt=[给你小心心] src=""//h5.sinaimg.cn/m/emoticon/icon/others/qixi2018_xiaoxinxin-afb8c6ea83.png"" style=""width:1em; height:1em;"" /></span><span class=""url-icon""><img alt=[给你小心心] src=""//h5.sinaimg.cn/m/emoticon/icon/others/qixi2018_xiaoxinxin-afb8c6ea83.png"" style=""width:1em; height:1em;"" /></span><span class=""url-icon""><img alt=[给你小心心] src=""//h5.sinaimg.cn/m/emoticon/icon/others/qixi2018_xiaoxinxin-afb8c6ea83.png"" style=""width:1em; height:1em;"" /></span><span class=""url-icon""><img alt=[给你小心心] src=""//h5.sinaimg.cn/m/emoticon/icon/others/qixi2018_xiaoxinxin-afb8c6ea83.png"" style=""width:1em; height:1em;"" /></span>"
Helvetic,m,加油  哥
削个椰子皮丶QAQ,m,说真的，希望这次你道歉是真的真的有意识到自己的问题。别再这样下去了
景念cc,f,看到别人拿冠军真的难受 哥哥 夏季赛把失去的全都拿回来好吗
少吃青菜多吃肉哇,f,"我不玩游戏，比赛也不做评价，人总有失误的时候！我相信你调整后会更好，shyshy你有多强你自己不知道嘛<span class=""url-icon""><img alt=[偷笑] src=""//h5.sinaimg.cn/m/emoticon/icon/default/d_touxiao-15afb1c739.png"" style=""width:1em; height:1em;"" /></span><span class=""url-icon""><img alt=[偷笑] src=""//h5.sinaimg.cn/m/emoticon/icon/default/d_touxiao-15afb1c739.png"" style=""width:1em; height:1em;"" /></span>～"
luosym,f,凭shy哥的天赋，什么英雄花时间去练都可以玩的很好吧，有时候还是不能一味地选择自己喜欢的，还是需要为团队为比赛改变一下自己的想法。你配的上更多的荣誉更高的称赞，只要你想你就可以。
Dolis_,f,加油啊！！
阿宠酱,m,你很强，很棒，是顶尖的上单，我们的期望是你能多去和队友沟通，交流，希望你们的比赛是一个看起来就常规的阵容去打出色的表现，希望你记得视野，无论打野是谁，能压线的时候压不能的时候记得退一点点，多看队友信号，多练练版本op的英雄，我相信你很强，也希望你能为了团队做出改变，毕竟赢下来更重要
aabbccuzi·,m,别浪费了你的天赋
甜甜酱可爱多呀,f,"先照顾好自己身体，赶紧去看牙医，然后我们夏季赛见<span class=""url-icon""><img alt=[心] src=""//h5.sinaimg.cn/m/emoticon/icon/others/l_xin-6912791858.png"" style=""width:1em; height:1em;"" /></span>相信我们小姜选手 (먼저 자신의 몸을 잘 돌보고, 빨리 치과를 보러 가고, 그런 후에 우리는 여름철에 만나고, 항상 우리 어린 강 선수를 믿게 될 것이다.）"
一块酒杯,m,平时多打打rank吧 整天不训练 状态不好很正常
慕北xi,f,加油shy哥 作为一个女粉我不像有些男粉那么专业 能一针见血地说出你的缺点在哪 哪里要改进 但是作为女粉想说的是 加油the shy 发现问题 改正问题 你会越来越好 我想一直看你走下去 想一直看你闪闪发光🌟
眨眼小歪,f,加油 没有辜负！
星宿海aaaaa,m,"Shy哥你那么爱玩adc，不如转ad吧<span class=""url-icon""><img alt=[允悲] src=""//h5.sinaimg.cn/m/emoticon/icon/default/d_yunbei-9aa3c436a4.png"" style=""width:1em; height:1em;"" /></span>"
TheSupreMe7,m,lck的杰斯比较成功不是因为疯狂压制啊 其实挺需要配合队友的 看你直播细心的就知道你一直想玩杰斯觉得可以c 但是在lpl确实不合适 现在的☁️评论家太多太多了 甚至连比赛都没看过几场就肆意宣传自己低下的智商 腾讯的造星计划又再次开始 你们这些韩援必定会遭受打压 但是回想s5的godv 真的是一言难尽
晨玮王,m,"<span class=""url-icon""><img alt=[疑问] src=""//h5.sinaimg.cn/m/emoticon/icon/default/d_yiwen-40a816d206.png"" style=""width:1em; height:1em;"" /></span>"
布里布里新酱,f,对不起粉丝不重要，关键是对不对得起的你的队伍，你的队友，还有你自己。请把脑子放空了吧，当最近都放掉，用心研究版本上单。杰斯天天拿但是手不熟有什么用呢？赢不了有什么用呢？如果只是因为游戏好玩，那对得起那个想要三冠的你吗？如果就只有这样，这个三冠拿不起。赢了不是才会更开心吗？ts快回来
小鹿快溜,f,"加油shy哥<span class=""url-icon""><img alt=[爱你] src=""//h5.sinaimg.cn/m/emoticon/icon/default/d_aini-4a23c0524a.png"" style=""width:1em; height:1em;"" /></span>"
公子慕韩,f,"加油啊<span class=""url-icon""><img alt=[给你小心心] src=""//h5.sinaimg.cn/m/emoticon/icon/others/qixi2018_xiaoxinxin-afb8c6ea83.png"" style=""width:1em; height:1em;"" /></span>shy哥咱们夏季赛见<span class=""url-icon""><img alt=[给你小心心] src=""//h5.sinaimg.cn/m/emoticon/icon/others/qixi2018_xiaoxinxin-afb8c6ea83.png"" style=""width:1em; height:1em;"" /></span><span class=""url-icon""><img alt=[给你小心心] src=""//h5.sinaimg.cn/m/emoticon/icon/others/qixi2018_xiaoxinxin-afb8c6ea83.png"" style=""width:1em; height:1em;"" /></span><span class=""url-icon""><img alt=[给你小心心] src=""//h5.sinaimg.cn/m/emoticon/icon/others/qixi2018_xiaoxinxin-afb8c6ea83.png"" style=""width:1em; height:1em;"" /></span><span class=""url-icon""><img alt=[泪] src=""//h5.sinaimg.cn/m/emoticon/icon/default/d_lei-1b4b02f8b1.png"" style=""width:1em; height:1em;"" /></span><span class=""url-icon""><img alt=[泪] src=""//h5.sinaimg.cn/m/emoticon/icon/default/d_lei-1b4b02f8b1.png"" style=""width:1em; height:1em;"" /></span><span class=""url-icon""><img alt=[泪] src=""//h5.sinaimg.cn/m/emoticon/icon/default/d_lei-1b4b02f8b1.png"" style=""width:1em; height:1em;"" /></span>"
一樽江月满潇湘,f,"夏天加油<span class=""url-icon""><img alt=[佐伊卖萌] src=""//h5.sinaimg.cn/m/emoticon/icon/movies/angrybirds_09-9f728a11e7.png"" style=""width:1em; height:1em;"" /></span>"
果核夹心,f,"没事，小姜加油，调整好状态<span class=""url-icon""><img alt=[爱你] src=""//h5.sinaimg.cn/m/emoticon/icon/default/d_aini-4a23c0524a.png"" style=""width:1em; height:1em;"" /></span>"
为什么这么爱吃洋芋啊,f,哭了
小傻熊的蜂蜜罐,f,永远相信你！！🤓🤓🤓
滢咂,f,shyshy加油
莫挨老子的小饼干,f,"你很强我们希望你变得更强，是否辜负粉丝没必要考虑，因为是你因为你的强大家喜欢你，你只要对得起自己的努力和梦想就不会辜负粉丝的期待，你只要对得起自己对得起队友就是对你自己最好的交代，继续加油吧，回顾自己的问题最大程度用努力激发潜力你就会更好！<span class=""url-icon""><img alt=[心] src=""//h5.sinaimg.cn/m/emoticon/icon/others/l_xin-6912791858.png"" style=""width:1em; height:1em;"" /></span>"
希可芮特·王,f,肯恰那
芋泥奶茶不加奶,f,好的，没关系，对于粉丝我们都没关系的，重要的是你要对的起自己，如果真的有什么问题，加油去解决吧，期待夏天更好的the shy选手！
迷离今天开心,f,好的！加油！！！
u的睫毛,f,哥哥 夺冠了可以和我结婚吗？
透丶澈,m,这就是努力准备吗 天天大乱斗 rank不打
s少名针妙丸s,m,"不多说了 shy哥加油  能看出来你状态不好  夏季赛再见  多少玩玩版本强势英雄吧 心脏受不了<span class=""url-icon""><img alt=[悲伤] src=""//h5.sinaimg.cn/m/emoticon/icon/default/d_beishang-f8d6de06c8.png"" style=""width:1em; height:1em;"" /></span><span class=""url-icon""><img alt=[悲伤] src=""//h5.sinaimg.cn/m/emoticon/icon/default/d_beishang-f8d6de06c8.png"" style=""width:1em; height:1em;"" /></span><span class=""url-icon""><img alt=[悲伤] src=""//h5.sinaimg.cn/m/emoticon/icon/default/d_beishang-f8d6de06c8.png"" style=""width:1em; height:1em;"" /></span>"
北落师门Ian,m,你反省了嘛？ 还在天天打大乱斗？？？
ChenGary1,m,"8年iG粉 别问 问就是热爱<span class=""url-icon""><img alt=[心] src=""//h5.sinaimg.cn/m/emoticon/icon/others/l_xin-6912791858.png"" style=""width:1em; height:1em;"" /></span>"
现在抱抱我,f,"哥哥没事的 像一楼说的呀 只要你对得起自己就好 不论如何 我都喜欢the shy<span class=""url-icon""><img alt=[抱抱] src=""//h5.sinaimg.cn/m/emoticon/icon/default/d_baobao-b928ba5761.png"" style=""width:1em; height:1em;"" /></span>"
詹姆斯不止是信仰_Echo,f,"凌晨这个热一真是没想到 姜承録可以更好 也相信夏天再见你会更好！ <span class=""url-icon""><img alt=[月亮] src=""//h5.sinaimg.cn/m/emoticon/icon/others/w_yueliang-7b19f500d5.png"" style=""width:1em; height:1em;"" /></span>"
你是我想见的人啊,f,"打比赛要好好打，生活要好好过，一切都应该是你自己的事情，做到问心无愧就好了，夏季赛加油，想想当初休学打游戏的初心好吗？别辜负那个时候的自己，也别辜负打比赛的这几年<span class=""url-icon""><img alt=[心] src=""//h5.sinaimg.cn/m/emoticon/icon/others/l_xin-6912791858.png"" style=""width:1em; height:1em;"" /></span>"
山吹红茶,m,骂完还是心疼 注意身体 不舒服早点治好 比赛过了就好好总结问题 要改的地方就必须得改 我相信你 你是the shy啊 加油！！！
咕噜咕噜吞星兽,m,shy哥加油！！ 比起比赛更担心的是你的身体状况 牙齿还是要抽时间去治疗！ 别太勉强自己了 等到夏季赛再度王者归来
霖霖小鸭子,f,多和队友沟通沟通，不要自己玩自己的，要莽中有稳。同时，注意身体。夏季赛见吧。
蔡程昱的老母亲,f,"嗯嗯 吸取教训 夏季赛加油！我会一直相信你 支持你的<span class=""url-icon""><img alt=[给你小心心] src=""//h5.sinaimg.cn/m/emoticon/icon/others/qixi2018_xiaoxinxin-afb8c6ea83.png"" style=""width:1em; height:1em;"" /></span><span class=""url-icon""><img alt=[给你小心心] src=""//h5.sinaimg.cn/m/emoticon/icon/others/qixi2018_xiaoxinxin-afb8c6ea83.png"" style=""width:1em; height:1em;"" /></span><span class=""url-icon""><img alt=[给你小心心] src=""//h5.sinaimg.cn/m/emoticon/icon/others/qixi2018_xiaoxinxin-afb8c6ea83.png"" style=""width:1em; height:1em;"" /></span>"
小姜的Skylar花生酱,f,夏季赛都给我赢回来！
KSLDWSWLSC,f,"要好好调整状态，相信自己，不要过度劳累，夏季赛见<span class=""url-icon""><img alt=[兔子] src=""//h5.sinaimg.cn/m/emoticon/icon/others/d_tuzi-ff7bf5a0f1.png"" style=""width:1em; height:1em;"" /></span>先去看看牙齿问题！！！"
星栖荩柒枔,f,"加油<span class=""url-icon""><img alt=[抱抱] src=""//h5.sinaimg.cn/m/emoticon/icon/default/d_baobao-b928ba5761.png"" style=""width:1em; height:1em;"" /></span>不要自责啊<span class=""url-icon""><img alt=[抱抱] src=""//h5.sinaimg.cn/m/emoticon/icon/default/d_baobao-b928ba5761.png"" style=""width:1em; height:1em;"" /></span>"
世界第一上单夫人,f,加油啊！shyshy！l believe you can.
·绥喻而安·,f,好好加油，争取夏季赛打出更好成绩吧！练练强势英雄吧拜托了！
皇族永不言弃_UM,m,"哥，ning要跟你结婚？<span class=""url-icon""><img alt=[doge] src=""//h5.sinaimg.cn/m/emoticon/icon/others/d_doge-861403219c.png"" style=""width:1em; height:1em;"" /></span><span class=""url-icon""><img alt=[doge] src=""//h5.sinaimg.cn/m/emoticon/icon/others/d_doge-861403219c.png"" style=""width:1em; height:1em;"" /></span>"
Pluto凉眸,m,不要浪费你的天赋，希望夏季赛看到不一样的你
毁灭世界的波比,m,电子竞技本来就有输有赢。现在喷shy哥的人总有一天你们也会喷你们现在吹的这些选手。接受不了shy哥的低谷你们也就不配在下一次shy哥回到巅峰的时候喊shy哥牛逼。
愛_夏沫,f,"说归说 主要是怕你耽误自己的黄金时期啊！！不是说你状态操作不好 有的时候是真的有点上头<span class=""url-icon""><img alt=[允悲] src=""//h5.sinaimg.cn/m/emoticon/icon/default/d_yunbei-9aa3c436a4.png"" style=""width:1em; height:1em;"" /></span>"
胖兔子小q,m,辉煌时慕名而来，低谷时绝不离去
养猪场七栏猪仔,m,加油啊the shy，就冲你韩服帮厂子说过话，我会支持你的。
辰森-blue,m,加油加油，看到的这几天你直播不敢玩射手说怕别人骂你，真的很难受。希望shy哥你别把那些喷子的话放在心里，要自信相信自己就是世界第一上单，低迷期咱们一起抗过来就好了，夏季赛加油，shy哥还要注意身体啊。
也GHao,m,事实上你真的很强，世界第一上单是真的，要不然怎么能够让其他队伍疯狂针对呢？加油(ง •̀_•́)ง
麻烦了麻烦了,m,没事的。干啥都会有黑粉。这是避免不了的，我们都相信你相信ig。加油。不要被有些言论给影响。
11李岭东,m,不在你巅峰时慕名而来，不在你低谷时悄然离去。
当时只稻是寻常,f,玩成这样，除了Rookie其他人都不值得心疼
星星泡飯Sean,f,shy哥，粉丝不舍得说你，但是你也要知道自己现在打法不行呀。版本强势上单练一练吧……我现在看到杰斯就头疼。加油吧就
果冻沐沐味,f,没关系的，既然都已经输了，那就欣然接受折这个事实。错就是对的开始，这只是春季赛，我们还有夏季赛，还有世界赛，找到自己的不足，加强短板就好，你是强大的天蝎座呀，我会一直相信你的。别不开心了 该吃吃该喝喝，为了下一次的目标努力就好。
小张最深情-,m,影响不了我喜欢你们，我们夏季赛再见
卿卿theshy,f,虽然shy哥可能也不怎么看微博，不过还是要说，夏季赛加油，用实力让喷子们闭嘴[加油]
辅助你快救救我m,m,"你的热评都是清流<span class=""url-icon""><img alt=[doge] src=""//h5.sinaimg.cn/m/emoticon/icon/others/d_doge-861403219c.png"" style=""width:1em; height:1em;"" /></span>"
Loyalty-ing,f,"没有比赛不发博 怎么互动<span class=""url-icon""><img alt=[摊手] src=""//h5.sinaimg.cn/m/emoticon/icon/default/d_tanshou-3abaa4ed77.png"" style=""width:1em; height:1em;"" /></span><span class=""url-icon""><img alt=[允悲] src=""//h5.sinaimg.cn/m/emoticon/icon/default/d_yunbei-9aa3c436a4.png"" style=""width:1em; height:1em;"" /></span>"
Loyalty-ing,f,互动互动互动起来啊
爱喝柠檬水de喵,f,晚安  承録💤
Lennon坦,m,老哥，不是你的错，
肥猫在天2016,m,没啥，就想祝福你可以取得好成绩，不过成绩不行也没事，希望你能开心，做好自己想做的…
结海就唱,f,加油
小吴同志噜啦啦,f,"<span class=""url-icon""><img alt=[心] src=""//h5.sinaimg.cn/m/emoticon/icon/others/l_xin-6912791858.png"" style=""width:1em; height:1em;"" /></span>永远相信姜承禄"
梨梨阡,f,"心疼<span class=""url-icon""><img alt=[悲伤] src=""//h5.sinaimg.cn/m/emoticon/icon/default/d_beishang-f8d6de06c8.png"" style=""width:1em; height:1em;"" /></span><span class=""url-icon""><img alt=[悲伤] src=""//h5.sinaimg.cn/m/emoticon/icon/default/d_beishang-f8d6de06c8.png"" style=""width:1em; height:1em;"" /></span><span class=""url-icon""><img alt=[悲伤] src=""//h5.sinaimg.cn/m/emoticon/icon/default/d_beishang-f8d6de06c8.png"" style=""width:1em; height:1em;"" /></span><span class=""url-icon""><img alt=[悲伤] src=""//h5.sinaimg.cn/m/emoticon/icon/default/d_beishang-f8d6de06c8.png"" style=""width:1em; height:1em;"" /></span>。夏季赛加油。"
龙潮希cxl,m,我以为韩国双c多厉害啊 就这就这?
F-endeavor,f,"不要总是道歉呀，你已经很努力了，注意身体，夏天继续加油，我们也会一直支持你，支持iG<span class=""url-icon""><img alt=[心] src=""//h5.sinaimg.cn/m/emoticon/icon/others/l_xin-6912791858.png"" style=""width:1em; height:1em;"" /></span>"
熊夏jyz,f,加油！
潇榣,f,shy哥加油！每个人都会有状态不好的时候，你永远是我心中的lpl第一上单[加油]
今天TheShy爱我了吗,f,"宝贝没关系的 夏季赛好好打呀 好好调整状态啊啊啊 去医院好好治一下 你那么好我要一直喜欢你！！！！！<span class=""url-icon""><img alt=[心] src=""//h5.sinaimg.cn/m/emoticon/icon/others/l_xin-6912791858.png"" style=""width:1em; height:1em;"" /></span><span class=""url-icon""><img alt=[心] src=""//h5.sinaimg.cn/m/emoticon/icon/others/l_xin-6912791858.png"" style=""width:1em; height:1em;"" /></span><span class=""url-icon""><img alt=[心] src=""//h5.sinaimg.cn/m/emoticon/icon/others/l_xin-6912791858.png"" style=""width:1em; height:1em;"" /></span>"
徐徐图之r,m,shy哥打好自己的，找到自己问题的所在，不要理会别人的恶语，你的大部分粉丝永远支持你（比如我），shy哥加油，夏季赛见[加油][加油]
dntlrdl,f,jiayou yongyuanzhichini
xingyu_Z,m,"差点看成了下赛季见<span class=""url-icon""><img alt=[doge] src=""//h5.sinaimg.cn/m/emoticon/icon/others/d_doge-861403219c.png"" style=""width:1em; height:1em;"" /></span><span class=""url-icon""><img alt=[doge] src=""//h5.sinaimg.cn/m/emoticon/icon/others/d_doge-861403219c.png"" style=""width:1em; height:1em;"" /></span>"
结海就唱,f,shy哥加油
兜兜里有软糖鸭,f,"你是最棒的，别担心，谁没有状态不好的时候<span class=""url-icon""><img alt=[羞嗒嗒] src=""//h5.sinaimg.cn/m/emoticon/icon/lxh/lxh_xiudada-f44e8f5688.png"" style=""width:1em; height:1em;"" /></span><span class=""url-icon""><img alt=[爱你] src=""//h5.sinaimg.cn/m/emoticon/icon/default/d_aini-4a23c0524a.png"" style=""width:1em; height:1em;"" /></span><span class=""url-icon""><img alt=[爱你] src=""//h5.sinaimg.cn/m/emoticon/icon/default/d_aini-4a23c0524a.png"" style=""width:1em; height:1em;"" /></span><span class=""url-icon""><img alt=[爱你] src=""//h5.sinaimg.cn/m/emoticon/icon/default/d_aini-4a23c0524a.png"" style=""width:1em; height:1em;"" /></span><span class=""url-icon""><img alt=[爱你] src=""//h5.sinaimg.cn/m/emoticon/icon/default/d_aini-4a23c0524a.png"" style=""width:1em; height:1em;"" /></span><span class=""url-icon""><img alt=[爱你] src=""//h5.sinaimg.cn/m/emoticon/icon/default/d_aini-4a23c0524a.png"" style=""width:1em; height:1em;"" /></span><span class=""url-icon""><img alt=[爱你] src=""//h5.sinaimg.cn/m/emoticon/icon/default/d_aini-4a23c0524a.png"" style=""width:1em; height:1em;"" /></span><span class=""url-icon""><img alt=[爱你] src=""//h5.sinaimg.cn/m/emoticon/icon/default/d_aini-4a23c0524a.png"" style=""width:1em; height:1em;"" /></span>加油，不要有太大压力"
凤年38507,m,运动员都有状态的起伏，粉丝们也无法想象选手打输的时候自己到底是什么样的心境。看着shy哥一次次天神下凡我从来不后悔当一个shy吹虽然我不玩英雄联盟，可是我是一个运动员，我知道在状态低谷期身上带着伤病比赛时拿不到好成绩被观众们嘘的感觉。可也正是因为粉丝们喜欢你，希望你carry才会有这样。
起个名是真难啊啊啊,m,"希望你任何时候都不缺重头再来的勇气，加油Theshy，加油IG！ 登峰造极境！<span class=""url-icon""><img alt=[鲜花] src=""//h5.sinaimg.cn/m/emoticon/icon/others/w_xianhua-6efa26efdf.png"" style=""width:1em; height:1em;"" /></span>"
麻辣烫选手,m,"还记得letme说过：以后要是theshy状态下滑了，希望大家不要喷他。 <span class=""url-icon""><img alt=[泪] src=""//h5.sinaimg.cn/m/emoticon/icon/default/d_lei-1b4b02f8b1.png"" style=""width:1em; height:1em;"" /></span>"
焰姬该不会还重名叭,m,"说好了嗷 夏天给我杀回来<span class=""url-icon""><img alt=[泪] src=""//h5.sinaimg.cn/m/emoticon/icon/default/d_lei-1b4b02f8b1.png"" style=""width:1em; height:1em;"" /></span>"
UNIQ-小朋友,f,夏季赛加油叭！
Luvicii_xx,m,"shy宝夏天加油！ 👩🏻👩🏻爱你<span class=""url-icon""><img alt=[害羞] src=""//h5.sinaimg.cn/m/emoticon/icon/default/d_haixiu-1c4cb9b053.png"" style=""width:1em; height:1em;"" /></span><span class=""url-icon""><img alt=[害羞] src=""//h5.sinaimg.cn/m/emoticon/icon/default/d_haixiu-1c4cb9b053.png"" style=""width:1em; height:1em;"" /></span>"
元熙YX,m,"虽然状态很差但是我还是会支持的，在巅峰时慕名而来本身惭愧，又岂能在低谷时转身离去<span class=""url-icon""><img alt=[doge] src=""//h5.sinaimg.cn/m/emoticon/icon/others/d_doge-861403219c.png"" style=""width:1em; height:1em;"" /></span><span class=""url-icon""><img alt=[doge] src=""//h5.sinaimg.cn/m/emoticon/icon/others/d_doge-861403219c.png"" style=""width:1em; height:1em;"" /></span><span class=""url-icon""><img alt=[doge] src=""//h5.sinaimg.cn/m/emoticon/icon/others/d_doge-861403219c.png"" style=""width:1em; height:1em;"" /></span>好好准备夏季赛，加油！"
独往空气,f,加油！爱你！
明天一定吃早饭_,m,打不好很正常  没有谁能一直保持 最高竞技水平     你carry的时候也没见你邀功啊   所以我觉得不用道歉
时光旧人35,m,"你很棒啊<span class=""url-icon""><img alt=[good] src=""//h5.sinaimg.cn/m/emoticon/icon/others/h_good-644bcfa993.png"" style=""width:1em; height:1em;"" /></span>"
霸赞你滴美,f,输了一次没什么，继续加油，好样的！
喵凌_NAKO,f,"기죽지 말고 열심히 해, 하계시합에서 잘하자. 우리가 뒤에서 널 지원할게. TheShy 加油 （不要灰心，继续努力，在夏季赛中好好表现，我们支持你）"
千玥_Yyue,f,哥哥加油 ig必胜
亿博体育电竞官方微博,m,"加油！！！输赢乃兵家常事<span class=""url-icon""><img alt=[喵喵] src=""//h5.sinaimg.cn/m/emoticon/icon/others/d_miao-61fe2a7aaa.png"" style=""width:1em; height:1em;"" /></span>不要放心上，继续加油！砥砺前行！！！<span class=""url-icon""><img alt=[笑哈哈] src=""//h5.sinaimg.cn/m/emoticon/icon/lxh/lxh_xiaohaha-1bfd4648b7.png"" style=""width:1em; height:1em;"" /></span><span class=""url-icon""><img alt=[笑哈哈] src=""//h5.sinaimg.cn/m/emoticon/icon/lxh/lxh_xiaohaha-1bfd4648b7.png"" style=""width:1em; height:1em;"" /></span><span class=""url-icon""><img alt=[笑哈哈] src=""//h5.sinaimg.cn/m/emoticon/icon/lxh/lxh_xiaohaha-1bfd4648b7.png"" style=""width:1em; height:1em;"" /></span>"
弦莺_,f,我舍不得骂你，因为我知道比赛输了你比我难受。不要怕，有什么问题，好好地去解决，我相信TheShy一直都是TheShy，我也相信你是一个成熟的人不会辜负自己。等着你，夏天见。
宝藏男孩TheShy,f,加油！ 夏季赛等你回来，好好照顾自己❤
结海就唱,f,夏季赛见，希望你好好的。
少女情怀小黑酱,f,为什么要道歉啊？第一不可能一辈子都是第一，为什么他光辉的时候你们就捧，失败一次就黑，给别人一点进退空间不可以吗？你们咄咄逼人的样子真丑[悲傷]我永远喜欢ig，真的，不夸张我生宝宝进产房阵痛的时候 还在看ig的比赛
S姚小浪E,f,加油
姜旭鹏_Given,m,我愿与君再相逢！持剑改写LPL是弱区历史的男人我怎能忘记，未曾闻名之时已来，怎能在名冠天下之时离去，暂时的失败和谷底都没关系，因为我记得S8、S9的iG的努力，我的青春未曾虚度，并还将延续！iG加油！The Shy 加油！[加油][加油]
阳光下的染夏小精灵,f,人生如四季总会迎来春夏秋冬
余悸大哥哥,m,你永远都可以相信姜承録！！！
森系伦纯,f,"입으로는 아무렇게나 욕을 하자고 하지만, 사실 속으로는 네가 욕을 먹는 것을 아쉬워하지 않는다.그런데 이 포스트시즌은 정말 너무 썩어서 네 기술 추락을 걱정하는 게 아니다.네가 아직 자신의 문제를 의식하지 못할까봐 두렵지만, 나는 네가 마음속으로 헤아릴 수 있는 사람이라는 것을 알고 있다."
森系伦纯,f,"힘내라, 우리는 항상 너를 따라갈 것이고, 더 사랑하게 될 것이다.！！"
Ashley_海微,f,大家依旧很喜欢你，加油奥~
小舌甘姜,f,"希望你仍旧自信敢于拼搏，但是也要正视自身的错误好好改正，你远远不该止步于此<span class=""url-icon""><img alt=[给你小心心] src=""//h5.sinaimg.cn/m/emoticon/icon/others/qixi2018_xiaoxinxin-afb8c6ea83.png"" style=""width:1em; height:1em;"" /></span><span class=""url-icon""><img alt=[给你小心心] src=""//h5.sinaimg.cn/m/emoticon/icon/others/qixi2018_xiaoxinxin-afb8c6ea83.png"" style=""width:1em; height:1em;"" /></span>"
听闻风里藏诗,f,"没关系没关系，我们夏天见，注意休息呀记得先去看看牙<span class=""url-icon""><img alt=[心] src=""//h5.sinaimg.cn/m/emoticon/icon/others/l_xin-6912791858.png"" style=""width:1em; height:1em;"" /></span>"
Cola_taotao,m,加油！Shy
仙人鱼FF,m,As your fans，I hope you will win all the time.But it's a shame for you and your fans now.加油!화이팅 !
金菇雯若,f,别这么说 😭你是最好的姜承録
剪了寸头去旅游,m,山巅低谷，你我同行，shy哥等你夏季赛
JustayFine,f,"不要自责<span class=""url-icon""><img alt=[可怜] src=""//h5.sinaimg.cn/m/emoticon/icon/default/d_kelian-3e00ccdc26.png"" style=""width:1em; height:1em;"" /></span>"
任性8_girl,f,加油💪没关系，不管结果怎么样，永远支持你，加油哦～～～
-ZHANGXIAOLIN,f,"加油，做出改变未尝不会看到更好的自己！<span class=""url-icon""><img alt=[爱你] src=""//h5.sinaimg.cn/m/emoticon/icon/default/d_aini-4a23c0524a.png"" style=""width:1em; height:1em;"" /></span>"
可乐可乐COca,f,你不需要道歉啊，比赛由输有赢很正常！一如既往支持你，也期待能看到你更好的状态[加油][加油][加油]
十二评分三点零,f,我好喜欢你，你不要说抱歉，加油啊shyshy！！！❤❤❤❤❤❤❤❤❤❤❤
请源酱喝QQ星,f,파이팅！！！
落木肖肖io,f,调整，改变。
或许有颗少女心_,f,加油！
一只赖熊,f,为什么要道歉 这不是一个人的错啊
Mario天天,m,shy宝加油！永远爱你
小姜牌曲奇饼干,f,"听话乖乖去看牙齿！！我们夏季赛等你<span class=""url-icon""><img alt=[心] src=""//h5.sinaimg.cn/m/emoticon/icon/others/l_xin-6912791858.png"" style=""width:1em; height:1em;"" /></span>"
瑶妹儿喂,f,"我们永远相信你<span class=""url-icon""><img alt=[心] src=""//h5.sinaimg.cn/m/emoticon/icon/others/l_xin-6912791858.png"" style=""width:1em; height:1em;"" /></span><span class=""url-icon""><img alt=[心] src=""//h5.sinaimg.cn/m/emoticon/icon/others/l_xin-6912791858.png"" style=""width:1em; height:1em;"" /></span><span class=""url-icon""><img alt=[心] src=""//h5.sinaimg.cn/m/emoticon/icon/others/l_xin-6912791858.png"" style=""width:1em; height:1em;"" /></span><span class=""url-icon""><img alt=[心] src=""//h5.sinaimg.cn/m/emoticon/icon/others/l_xin-6912791858.png"" style=""width:1em; height:1em;"" /></span>"
瑶妹儿喂,f,我们都相信你[为爱发光][为爱发光][为爱发光][为爱发光]
瑶妹儿喂,f,等你回来
瑶妹儿喂,f,我们爱你！
瑶妹儿喂,f,加油加油！
-刘亦菲德州分菲-,f,说实话 战术被研究透了 所有队伍都针对the shy这一个点打 中上大爹有一个c不了 ig就没的打 今年的fpx也一样难受 但滔博今年真的太强了 期待一个冠军
·絵里奈·,f,"shy宝好好加油<span class=""url-icon""><img alt=[抓狂] src=""//h5.sinaimg.cn/m/emoticon/icon/default/d_zhuakuang-fd744b17b5.png"" style=""width:1em; height:1em;"" /></span>我会一直喜欢你<span class=""url-icon""><img alt=[抓狂] src=""//h5.sinaimg.cn/m/emoticon/icon/default/d_zhuakuang-fd744b17b5.png"" style=""width:1em; height:1em;"" /></span>"
bella丶艾希,f,"第一个冠军是你们捧回来的，激动的心情仿佛就在昨天。从那一刻起，我就想着，以后不管你们打的怎么样，我都喜欢。只要在比赛或者直播中，能经常看到你们，就觉得超幸福了。我不想你飞的高不高，我只希望你不累，shy哥比心～<span class=""url-icon""><img alt=[爱你] src=""//h5.sinaimg.cn/m/emoticon/icon/default/d_aini-4a23c0524a.png"" style=""width:1em; height:1em;"" /></span>"
旺角本尼,f,胜利的天平可能不会一直向你倾斜，但人心会。加油，我们在更高处相见，你永远有攀登的能力。
薯片姐姐永远爱IG,f,展翅翱翔终有难，待你辉煌万帆顺。
小姜的滑板鞋,f,我永远爱你
小小MH啊,f,"<span class=""url-icon""><img alt=[心] src=""//h5.sinaimg.cn/m/emoticon/icon/others/l_xin-6912791858.png"" style=""width:1em; height:1em;"" /></span><span class=""url-icon""><img alt=[心] src=""//h5.sinaimg.cn/m/emoticon/icon/others/l_xin-6912791858.png"" style=""width:1em; height:1em;"" /></span><span class=""url-icon""><img alt=[心] src=""//h5.sinaimg.cn/m/emoticon/icon/others/l_xin-6912791858.png"" style=""width:1em; height:1em;"" /></span>不用道歉，你依然是我shy哥，加油<span class=""url-icon""><img alt=[米奇比心] src=""//h5.sinaimg.cn/m/emoticon/icon/movies/mickey_01-f93c4eac57.png"" style=""width:1em; height:1em;"" /></span><span class=""url-icon""><img alt=[米奇比心] src=""//h5.sinaimg.cn/m/emoticon/icon/movies/mickey_01-f93c4eac57.png"" style=""width:1em; height:1em;"" /></span><span class=""url-icon""><img alt=[米奇比心] src=""//h5.sinaimg.cn/m/emoticon/icon/movies/mickey_01-f93c4eac57.png"" style=""width:1em; height:1em;"" /></span>"
诺鸭_An,f,"<span class=""url-icon""><img alt=[委屈] src=""//h5.sinaimg.cn/m/emoticon/icon/default/d_weiqu-b069337758.png"" style=""width:1em; height:1em;"" /></span>你是我心中永远的上路神仙，<span class=""url-icon""><img alt=[心] src=""//h5.sinaimg.cn/m/emoticon/icon/others/l_xin-6912791858.png"" style=""width:1em; height:1em;"" /></span><span class=""url-icon""><img alt=[心] src=""//h5.sinaimg.cn/m/emoticon/icon/others/l_xin-6912791858.png"" style=""width:1em; height:1em;"" /></span><span class=""url-icon""><img alt=[心] src=""//h5.sinaimg.cn/m/emoticon/icon/others/l_xin-6912791858.png"" style=""width:1em; height:1em;"" /></span><span class=""url-icon""><img alt=[心] src=""//h5.sinaimg.cn/m/emoticon/icon/others/l_xin-6912791858.png"" style=""width:1em; height:1em;"" /></span><span class=""url-icon""><img alt=[心] src=""//h5.sinaimg.cn/m/emoticon/icon/others/l_xin-6912791858.png"" style=""width:1em; height:1em;"" /></span><span class=""url-icon""><img alt=[心] src=""//h5.sinaimg.cn/m/emoticon/icon/others/l_xin-6912791858.png"" style=""width:1em; height:1em;"" /></span><span class=""url-icon""><img alt=[心] src=""//h5.sinaimg.cn/m/emoticon/icon/others/l_xin-6912791858.png"" style=""width:1em; height:1em;"" /></span><span class=""url-icon""><img alt=[心] src=""//h5.sinaimg.cn/m/emoticon/icon/others/l_xin-6912791858.png"" style=""width:1em; height:1em;"" /></span><span class=""url-icon""><img alt=[心] src=""//h5.sinaimg.cn/m/emoticon/icon/others/l_xin-6912791858.png"" style=""width:1em; height:1em;"" /></span><span class=""url-icon""><img alt=[心] src=""//h5.sinaimg.cn/m/emoticon/icon/others/l_xin-6912791858.png"" style=""width:1em; height:1em;"" /></span><span class=""url-icon""><img alt=[心] src=""//h5.sinaimg.cn/m/emoticon/icon/others/l_xin-6912791858.png"" style=""width:1em; height:1em;"" /></span><span class=""url-icon""><img alt=[心] src=""//h5.sinaimg.cn/m/emoticon/icon/others/l_xin-6912791858.png"" style=""width:1em; height:1em;"" /></span><span class=""url-icon""><img alt=[心] src=""//h5.sinaimg.cn/m/emoticon/icon/others/l_xin-6912791858.png"" style=""width:1em; height:1em;"" /></span><span class=""url-icon""><img alt=[心] src=""//h5.sinaimg.cn/m/emoticon/icon/others/l_xin-6912791858.png"" style=""width:1em; height:1em;"" /></span><span class=""url-icon""><img alt=[心] src=""//h5.sinaimg.cn/m/emoticon/icon/others/l_xin-6912791858.png"" style=""width:1em; height:1em;"" /></span><span class=""url-icon""><img alt=[心] src=""//h5.sinaimg.cn/m/emoticon/icon/others/l_xin-6912791858.png"" style=""width:1em; height:1em;"" /></span><span class=""url-icon""><img alt=[心] src=""//h5.sinaimg.cn/m/emoticon/icon/others/l_xin-6912791858.png"" style=""width:1em; height:1em;"" /></span><span class=""url-icon""><img alt=[心] src=""//h5.sinaimg.cn/m/emoticon/icon/others/l_xin-6912791858.png"" style=""width:1em; height:1em;"" /></span><span class=""url-icon""><img alt=[心] src=""//h5.sinaimg.cn/m/emoticon/icon/others/l_xin-6912791858.png"" style=""width:1em; height:1em;"" /></span><span class=""url-icon""><img alt=[心] src=""//h5.sinaimg.cn/m/emoticon/icon/others/l_xin-6912791858.png"" style=""width:1em; height:1em;"" /></span>"
诺鸭_An,f,"Shy<span class=""url-icon""><img alt=[心] src=""//h5.sinaimg.cn/m/emoticon/icon/others/l_xin-6912791858.png"" style=""width:1em; height:1em;"" /></span><span class=""url-icon""><img alt=[心] src=""//h5.sinaimg.cn/m/emoticon/icon/others/l_xin-6912791858.png"" style=""width:1em; height:1em;"" /></span><span class=""url-icon""><img alt=[心] src=""//h5.sinaimg.cn/m/emoticon/icon/others/l_xin-6912791858.png"" style=""width:1em; height:1em;"" /></span><span class=""url-icon""><img alt=[心] src=""//h5.sinaimg.cn/m/emoticon/icon/others/l_xin-6912791858.png"" style=""width:1em; height:1em;"" /></span>"
陳信宏你要吃餅乾嗎,f,"没有关系！！！！输了是可以更好的找到问题！！！我们極夏季赛要把失去的全部赢回来！！！加油shy哥<span class=""url-icon""><img alt=[心] src=""//h5.sinaimg.cn/m/emoticon/icon/others/l_xin-6912791858.png"" style=""width:1em; height:1em;"" /></span>！！！"
星野飞鱼,f,你已经很棒了 不要丧气 加油啊！我们夏季赛见！
独角的化鲸,m,영원히 너를 믿는다 파이팅！
知恩不甜-iu,m,加油
akkmia,m,"首先我是IG粉 其次我也是辉煌时刻巅峰时的IG被TS圈粉 现在也是 支持TS 你不需要给谁道歉  <span class=""url-icon""><img alt=[思考] src=""//h5.sinaimg.cn/m/emoticon/icon/default/d_sikao-c599fd085f.png"" style=""width:1em; height:1em;"" /></span>喜欢你的心态 心态很好 直播就能看出  加油 别给太大压力自己！<span class=""url-icon""><img alt=[哈哈] src=""//h5.sinaimg.cn/m/emoticon/icon/default/d_haha-dd1c6d36cf.png"" style=""width:1em; height:1em;"" /></span>有IG的比赛一场都不错过 虽然每天比赛直播的时候都在上班  但下班也还会找重播看"
Danielouise,f,"Shyshy！Fighting！<span class=""url-icon""><img alt=[给你小心心] src=""//h5.sinaimg.cn/m/emoticon/icon/others/qixi2018_xiaoxinxin-afb8c6ea83.png"" style=""width:1em; height:1em;"" /></span>"
没有id可以用了,m,先去看牙！照顾好自己的健康！调整好状态！夏季赛希望能看见最好的你
清风露禅,m,等你夏季赛，等你全球总决赛
清风露禅,m,"加油吧<span class=""url-icon""><img alt=[太开心] src=""//h5.sinaimg.cn/m/emoticon/icon/default/d_taikaixin-97bd3f82d6.png"" style=""width:1em; height:1em;"" /></span>"
小姜是星星啊,f,加油！！！
Onze的52Hz,f,"加油吧！看过你的辉煌，也接受你一时的失败，不会改变对你的评价，更不会诋毁<span class=""url-icon""><img alt=[心] src=""//h5.sinaimg.cn/m/emoticon/icon/others/l_xin-6912791858.png"" style=""width:1em; height:1em;"" /></span>"
OscarEmboaba_yao,m,"shy有多强，大家也都曾经知道，现在也很年轻，<span class=""url-icon""><img alt=[允悲] src=""//h5.sinaimg.cn/m/emoticon/icon/default/d_yunbei-9aa3c436a4.png"" style=""width:1em; height:1em;"" /></span>但是最近很多场发挥失常，肯定是有原因有问题，调整一下就好，就会又有很猛的ts出现。"
Raptured-,f,"<span class=""url-icon""><img alt=[心] src=""//h5.sinaimg.cn/m/emoticon/icon/others/l_xin-6912791858.png"" style=""width:1em; height:1em;"" /></span><span class=""url-icon""><img alt=[心] src=""//h5.sinaimg.cn/m/emoticon/icon/others/l_xin-6912791858.png"" style=""width:1em; height:1em;"" /></span><span class=""url-icon""><img alt=[心] src=""//h5.sinaimg.cn/m/emoticon/icon/others/l_xin-6912791858.png"" style=""width:1em; height:1em;"" /></span><span class=""url-icon""><img alt=[心] src=""//h5.sinaimg.cn/m/emoticon/icon/others/l_xin-6912791858.png"" style=""width:1em; height:1em;"" /></span><span class=""url-icon""><img alt=[心] src=""//h5.sinaimg.cn/m/emoticon/icon/others/l_xin-6912791858.png"" style=""width:1em; height:1em;"" /></span><span class=""url-icon""><img alt=[心] src=""//h5.sinaimg.cn/m/emoticon/icon/others/l_xin-6912791858.png"" style=""width:1em; height:1em;"" /></span><span class=""url-icon""><img alt=[心] src=""//h5.sinaimg.cn/m/emoticon/icon/others/l_xin-6912791858.png"" style=""width:1em; height:1em;"" /></span><span class=""url-icon""><img alt=[心] src=""//h5.sinaimg.cn/m/emoticon/icon/others/l_xin-6912791858.png"" style=""width:1em; height:1em;"" /></span><span class=""url-icon""><img alt=[心] src=""//h5.sinaimg.cn/m/emoticon/icon/others/l_xin-6912791858.png"" style=""width:1em; height:1em;"" /></span><span class=""url-icon""><img alt=[心] src=""//h5.sinaimg.cn/m/emoticon/icon/others/l_xin-6912791858.png"" style=""width:1em; height:1em;"" /></span><span class=""url-icon""><img alt=[心] src=""//h5.sinaimg.cn/m/emoticon/icon/others/l_xin-6912791858.png"" style=""width:1em; height:1em;"" /></span><span class=""url-icon""><img alt=[心] src=""//h5.sinaimg.cn/m/emoticon/icon/others/l_xin-6912791858.png"" style=""width:1em; height:1em;"" /></span><span class=""url-icon""><img alt=[心] src=""//h5.sinaimg.cn/m/emoticon/icon/others/l_xin-6912791858.png"" style=""width:1em; height:1em;"" /></span><span class=""url-icon""><img alt=[心] src=""//h5.sinaimg.cn/m/emoticon/icon/others/l_xin-6912791858.png"" style=""width:1em; height:1em;"" /></span><span class=""url-icon""><img alt=[心] src=""//h5.sinaimg.cn/m/emoticon/icon/others/l_xin-6912791858.png"" style=""width:1em; height:1em;"" /></span><span class=""url-icon""><img alt=[心] src=""//h5.sinaimg.cn/m/emoticon/icon/others/l_xin-6912791858.png"" style=""width:1em; height:1em;"" /></span><span class=""url-icon""><img alt=[心] src=""//h5.sinaimg.cn/m/emoticon/icon/others/l_xin-6912791858.png"" style=""width:1em; height:1em;"" /></span><span class=""url-icon""><img alt=[心] src=""//h5.sinaimg.cn/m/emoticon/icon/others/l_xin-6912791858.png"" style=""width:1em; height:1em;"" /></span><span class=""url-icon""><img alt=[心] src=""//h5.sinaimg.cn/m/emoticon/icon/others/l_xin-6912791858.png"" style=""width:1em; height:1em;"" /></span><span class=""url-icon""><img alt=[心] src=""//h5.sinaimg.cn/m/emoticon/icon/others/l_xin-6912791858.png"" style=""width:1em; height:1em;"" /></span><span class=""url-icon""><img alt=[心] src=""//h5.sinaimg.cn/m/emoticon/icon/others/l_xin-6912791858.png"" style=""width:1em; height:1em;"" /></span><span class=""url-icon""><img alt=[心] src=""//h5.sinaimg.cn/m/emoticon/icon/others/l_xin-6912791858.png"" style=""width:1em; height:1em;"" /></span><span class=""url-icon""><img alt=[心] src=""//h5.sinaimg.cn/m/emoticon/icon/others/l_xin-6912791858.png"" style=""width:1em; height:1em;"" /></span><span class=""url-icon""><img alt=[心] src=""//h5.sinaimg.cn/m/emoticon/icon/others/l_xin-6912791858.png"" style=""width:1em; height:1em;"" /></span><span class=""url-icon""><img alt=[心] src=""//h5.sinaimg.cn/m/emoticon/icon/others/l_xin-6912791858.png"" style=""width:1em; height:1em;"" /></span><span class=""url-icon""><img alt=[心] src=""//h5.sinaimg.cn/m/emoticon/icon/others/l_xin-6912791858.png"" style=""width:1em; height:1em;"" /></span><span class=""url-icon""><img alt=[心] src=""//h5.sinaimg.cn/m/emoticon/icon/others/l_xin-6912791858.png"" style=""width:1em; height:1em;"" /></span><span class=""url-icon""><img alt=[心] src=""//h5.sinaimg.cn/m/emoticon/icon/others/l_xin-6912791858.png"" style=""width:1em; height:1em;"" /></span><span class=""url-icon""><img alt=[心] src=""//h5.sinaimg.cn/m/emoticon/icon/others/l_xin-6912791858.png"" style=""width:1em; height:1em;"" /></span><span class=""url-icon""><img alt=[心] src=""//h5.sinaimg.cn/m/emoticon/icon/others/l_xin-6912791858.png"" style=""width:1em; height:1em;"" /></span><span class=""url-icon""><img alt=[心] src=""//h5.sinaimg.cn/m/emoticon/icon/others/l_xin-6912791858.png"" style=""width:1em; height:1em;"" /></span><span class=""url-icon""><img alt=[心] src=""//h5.sinaimg.cn/m/emoticon/icon/others/l_xin-6912791858.png"" style=""width:1em; height:1em;"" /></span><span class=""url-icon""><img alt=[心] src=""//h5.sinaimg.cn/m/emoticon/icon/others/l_xin-6912791858.png"" style=""width:1em; height:1em;"" /></span><span class=""url-icon""><img alt=[心] src=""//h5.sinaimg.cn/m/emoticon/icon/others/l_xin-6912791858.png"" style=""width:1em; height:1em;"" /></span><span class=""url-icon""><img alt=[心] src=""//h5.sinaimg.cn/m/emoticon/icon/others/l_xin-6912791858.png"" style=""width:1em; height:1em;"" /></span><span class=""url-icon""><img alt=[心] src=""//h5.sinaimg.cn/m/emoticon/icon/others/l_xin-6912791858.png"" style=""width:1em; height:1em;"" /></span><span class=""url-icon""><img alt=[心] src=""//h5.sinaimg.cn/m/emoticon/icon/others/l_xin-6912791858.png"" style=""width:1em; height:1em;"" /></span><span class=""url-icon""><img alt=[心] src=""//h5.sinaimg.cn/m/emoticon/icon/others/l_xin-6912791858.png"" style=""width:1em; height:1em;"" /></span><span class=""url-icon""><img alt=[心] src=""//h5.sinaimg.cn/m/emoticon/icon/others/l_xin-6912791858.png"" style=""width:1em; height:1em;"" /></span><span class=""url-icon""><img alt=[心] src=""//h5.sinaimg.cn/m/emoticon/icon/others/l_xin-6912791858.png"" style=""width:1em; height:1em;"" /></span><span class=""url-icon""><img alt=[心] src=""//h5.sinaimg.cn/m/emoticon/icon/others/l_xin-6912791858.png"" style=""width:1em; height:1em;"" /></span><span class=""url-icon""><img alt=[心] src=""//h5.sinaimg.cn/m/emoticon/icon/others/l_xin-6912791858.png"" style=""width:1em; height:1em;"" /></span><span class=""url-icon""><img alt=[心] src=""//h5.sinaimg.cn/m/emoticon/icon/others/l_xin-6912791858.png"" style=""width:1em; height:1em;"" /></span><span class=""url-icon""><img alt=[心] src=""//h5.sinaimg.cn/m/emoticon/icon/others/l_xin-6912791858.png"" style=""width:1em; height:1em;"" /></span><span class=""url-icon""><img alt=[心] src=""//h5.sinaimg.cn/m/emoticon/icon/others/l_xin-6912791858.png"" style=""width:1em; height:1em;"" /></span><span class=""url-icon""><img alt=[心] src=""//h5.sinaimg.cn/m/emoticon/icon/others/l_xin-6912791858.png"" style=""width:1em; height:1em;"" /></span><span class=""url-icon""><img alt=[心] src=""//h5.sinaimg.cn/m/emoticon/icon/others/l_xin-6912791858.png"" style=""width:1em; height:1em;"" /></span><span class=""url-icon""><img alt=[心] src=""//h5.sinaimg.cn/m/emoticon/icon/others/l_xin-6912791858.png"" style=""width:1em; height:1em;"" /></span>"
OnePiece是真实存在着的,m,fighting！
YanaSonia,f,气归气 但比起比赛我们更在乎的是你 不需要道歉 改正问题 调整状态 我们夏天见吧
球球小甜豆,f,fighting！
奈斯sama,f,5555shy哥注意休息好好调整吧，我们相信你，你也要相信自己！
一坨方糖丶,m,调整心态，加油shy哥
深圳太热啦,m,所有上单玩家的梦想就是成为你   不用道歉！！！
J_TO_THE_K,f,夏季赛加油呀❤️
留长发的小靖奇,f,加油 加油 加油 加油 加油 加油 加油 加油 加油
蓝色的宋大海,m,"加油！<span class=""url-icon""><img alt=[太开心] src=""//h5.sinaimg.cn/m/emoticon/icon/default/d_taikaixin-97bd3f82d6.png"" style=""width:1em; height:1em;"" /></span>"
秋月不醒,f,"괜찮아,힘내,너자신을잘챙겨.우리는여전히너를믿는다!没关系，你要照顾好自己，身体是革命的本钱，调整好自己，我们等你！<span class=""url-icon""><img alt=[心] src=""//h5.sinaimg.cn/m/emoticon/icon/others/l_xin-6912791858.png"" style=""width:1em; height:1em;"" /></span>"
侯家迪宝,f,shy宝真的很心疼你和所有ig队员 虽然输了可那又如何 你和你们依旧是我最爱的IG 也相信你肯定努力了 但是没有谁能一直赢下去 肯定会有失败和挫折 不要气馁 找出原因才能继续向前 我相信你和所有队员能做到！还有不要给自己那么大压力 不要在意那些黑粉 有的嘴巴没有德说话也不用负责一定不要在意那些人
LilSnow丶奶茶雪,f,"多听听教练和队友的意见，现在全世界都知道要抓你，那么就不要给他们给机会。多看点信号，买点眼，不需要总想着打操作或者一打几，我们是一个团队一个家呀，家人是会替你分担和给予帮助的，有进有退、懂得取舍，为整个Team着想，才会是世界第一上单<span class=""url-icon""><img alt=[心] src=""//h5.sinaimg.cn/m/emoticon/icon/others/l_xin-6912791858.png"" style=""width:1em; height:1em;"" /></span>加油！！"
南柚555,m,"파이팅! 팬 들 과 지나 가 는 사람들 이 사실은 당신 을 탓 하지 않 습 니 다. 당신 이 자신의 잘못 을 깨 닫 고 고 고 쳐 주 길 바 랍 니 다. 그리고 당신 을 더욱 멋 있 게 만들어 주 길 바 랍 니 다. 우 리 는 영원히 당신 의 곁에 있 으 며, 당신 의 여름 경 기 를 응원 합 니 다. 파 이 팅!"
团团儿dwj,f,加油我们都相信你❤️
喷蔚蓝的佩佩,m,加油啊，shy哥，夏季赛见！
莫给我发律师函,f,抱抱宝贝哦
一次海浪,m,真正的大师永远怀着学徒的心，这赛季后半段你明显心乱了，休息一下，总结一下吧，天赋和未来都是你自己的，不要辜负它们
胖达狗,m,"加油啊 姜哥 夏季赛 冲冲冲<span class=""url-icon""><img alt=[兔子] src=""//h5.sinaimg.cn/m/emoticon/icon/others/d_tuzi-ff7bf5a0f1.png"" style=""width:1em; height:1em;"" /></span><span class=""url-icon""><img alt=[兔子] src=""//h5.sinaimg.cn/m/emoticon/icon/others/d_tuzi-ff7bf5a0f1.png"" style=""width:1em; height:1em;"" /></span><span class=""url-icon""><img alt=[兔子] src=""//h5.sinaimg.cn/m/emoticon/icon/others/d_tuzi-ff7bf5a0f1.png"" style=""width:1em; height:1em;"" /></span>"
吁荼_,f,加油！！
_小甜包,f,"不用说对不起<span class=""url-icon""><img alt=[心] src=""//h5.sinaimg.cn/m/emoticon/icon/others/l_xin-6912791858.png"" style=""width:1em; height:1em;"" /></span><span class=""url-icon""><img alt=[心] src=""//h5.sinaimg.cn/m/emoticon/icon/others/l_xin-6912791858.png"" style=""width:1em; height:1em;"" /></span><span class=""url-icon""><img alt=[心] src=""//h5.sinaimg.cn/m/emoticon/icon/others/l_xin-6912791858.png"" style=""width:1em; height:1em;"" /></span>"
爻夭夭,f,"shy哥啊粉了这么多年起起落落高高低低也算都见识了  希望调整状态夏季赛加油 相信你<span class=""url-icon""><img alt=[心] src=""//h5.sinaimg.cn/m/emoticon/icon/others/l_xin-6912791858.png"" style=""width:1em; height:1em;"" /></span>[加油][加油][加油]"
我和懒虫,m,不需要的，电子竞技有赢有输，输过的再赢回来，夏季赛等你！
抽抽要好好的,m,"继续加油吧！你是一个很有天赋的选手，偶尔失利也没有关系，只要前进的脚步不曾停下，还可以继续登向另一个山峰不是吗？<span class=""url-icon""><img alt=[拳头] src=""//h5.sinaimg.cn/m/emoticon/icon/others/h_quantou-0a4441543d.png"" style=""width:1em; height:1em;"" /></span>现在评论里的这些小孩子真是戾气太重了<span class=""url-icon""><img alt=[汗] src=""//h5.sinaimg.cn/m/emoticon/icon/default/d_han-0e7b8aa6d1.png"" style=""width:1em; height:1em;"" /></span>，说别人老会说了，这的那的都不对，与其整天这么严格的要求别人，不如好好严格要求一下自己吧，谨言慎行。"
爱做梦的Abby,f,老公加油么么哒，你是最棒哒
就让我吃亿口,f,宝贝要继续努力阿
你还挺情绪化zz,m,没关系，相信自己加油
-方木-7008,m,哭，shy你不必道歉的
拜托叫我婷哥,f,小姜加油鸭~♥
请时刻仰起头颅,m,加油💪
IFINSANE,f,别灰心 相信你  夏季赛加油哦
小开花flower,f,加油加油
FearlessXGy,m,没什么需要道歉的 谁都有状态不好的时候 调整好自己继续上路就好！
少女情怀总是吃i_,f,shy哥加油 💪
陪伴是最长情的告白-ZJ,f,"夏季赛加油啊<span class=""url-icon""><img alt=[心] src=""//h5.sinaimg.cn/m/emoticon/icon/others/l_xin-6912791858.png"" style=""width:1em; height:1em;"" /></span><span class=""url-icon""><img alt=[心] src=""//h5.sinaimg.cn/m/emoticon/icon/others/l_xin-6912791858.png"" style=""width:1em; height:1em;"" /></span><span class=""url-icon""><img alt=[心] src=""//h5.sinaimg.cn/m/emoticon/icon/others/l_xin-6912791858.png"" style=""width:1em; height:1em;"" /></span>"
Hazardousess,f,加油加油加油加油加油加油加油加油加油加油
草木人1Q84,f,来看看小姜～
扯犊子冠军,f,刚刚才看水友赛！是可爱小姜啊啊啊
JulJuly7,f,[加油]
依仪已亦k,f,加油加油
你喜欢姜承録吗,f,吃饭了么
求风留痕,m,"老公老公我爱你<span class=""url-icon""><img alt=[憧憬] src=""//h5.sinaimg.cn/m/emoticon/icon/default/d_xingxingyan-06a3ca0ae4.png"" style=""width:1em; height:1em;"" /></span>"
仲夏沫之约,m,加油
诚实的王妃74839,f,开心！
喜欢喝雪碧AQA,f,"shyshy今天也要开心<span class=""url-icon""><img alt=[害羞] src=""//h5.sinaimg.cn/m/emoticon/icon/default/d_haixiu-1c4cb9b053.png"" style=""width:1em; height:1em;"" /></span>"
一个哒布妞,f,"想你想你！！姜姜姜 加油💪<span class=""url-icon""><img alt=[给你小心心] src=""//h5.sinaimg.cn/m/emoticon/icon/others/qixi2018_xiaoxinxin-afb8c6ea83.png"" style=""width:1em; height:1em;"" /></span>"
易林易夕,f,早上好小姜
一八年2333,f,嘎油嘎油嘎油！shy哥加油！
婷婷_达,f,shy shy  快比赛了哦，要加油呀[加油]
生活缺个林汉州,f,每天起床第一句，小甜姜加油(ง •̀_•́)ง
钾钙钠镁铝·,f,"小姜早上好<span class=""url-icon""><img alt=[给你小心心] src=""//h5.sinaimg.cn/m/emoticon/icon/others/qixi2018_xiaoxinxin-afb8c6ea83.png"" style=""width:1em; height:1em;"" /></span>"
Ylisayo,f,"加油！晚安<span class=""url-icon""><img alt=[月亮] src=""//h5.sinaimg.cn/m/emoticon/icon/others/w_yueliang-7b19f500d5.png"" style=""width:1em; height:1em;"" /></span>"
波多野地瓜,f,嘴上说着大家随便骂吧其实心里还是不舍得你挨骂但是这个季后赛打的真的太烂了不是担心你技术下滑就怕你还意识不到自己的问题 不过我知道你是个心里有数的人 好好准备夏季赛 辜不辜负粉丝倒无所谓 希望你别辜负自己
L5443G,f,加油！！！
iG电子竞技俱乐部,f,大家都相信你，喜欢你！夏季赛加油！[加油][加油]
神神气气铲屎官,f,没关系，你要好好去看医生，我们夏季赛见！！
Adorey_,f,"“无论输赢成败 你那么好 我要一直喜欢你.<span class=""url-icon""><img alt=[心] src=""//h5.sinaimg.cn/m/emoticon/icon/others/l_xin-6912791858.png"" style=""width:1em; height:1em;"" /></span>”"
易先生的小烊羔,f,辉煌时刻慕名而来，低谷时期也决不转身离去，但是今天看的我一脸懵了，殿军殿军殿军，加油加油加油。。 
一个人做的事_,f,我们有期望是因为你有那个能力，你很强。多和教练沟通，多和队友沟通。包袱别太重，这是个团队游戏，有些东西，改舍弃的就应该舍弃。漏点刀帮队友打开局面，牺牲点钱去买真眼，无所谓的，能赢比赛才是真理啊，shy哥。
苏苏难产粮,f,不要浪费你的天赋了，你是我第一个喜欢的电竞选手，我相信你是有能力的
姜宋羿,f,加油！好好休息好好调整！夏季赛见
不缺水zzz,f,shy哥加油呀，期待夏天更好的你[加油]
她家甜品真好吃,m,道歉没意义，希望不要再射手了，好好研究上单英雄，曾经无敌开团打团的你现在真的看不到了，要考虑整体阵容！加油吧，因为你休学时间有限，希望在lpl，在整个lol都永远光辉下去，真正的光辉时候退场，真的希望…教练也有问题，不能制止你们，那你就要克制自己了
utterNotASingleWord,f,别浪费自己的天赋与时间，shy哥，粉丝不重要，你们的成绩最重要啊！！
超级厉害的凡妹,f,shyshy加油！
姜落·,f,相信你会调整好自己的状态，要自信，加油！夏季赛会是一个更好的你！
Liuchxxi-,f,加油，去看看牙齿，好好恢复状态，我们等你回来。
TheShy_Fans联合应援博,f,趁着放假去医院看下牙齿。调整好状态我们夏季赛见
冬日的兔耳朵,f,"你一定要加油啊<span class=""url-icon""><img alt=[泪] src=""//h5.sinaimg.cn/m/emoticon/icon/default/d_lei-1b4b02f8b1.png"" style=""width:1em; height:1em;"" /></span><span class=""url-icon""><img alt=[泪] src=""//h5.sinaimg.cn/m/emoticon/icon/default/d_lei-1b4b02f8b1.png"" style=""width:1em; height:1em;"" /></span>[加油][加油]我们相信你的"
阿媸是吃梨子长大的,f,希望在这一次生活的“毒打”之后，你能真正品尝到每一次胜利的得来不易，并以此为鉴继续前行。我会继续作为你的粉丝支持你的。
圈圈_YUANYUAN_天天,f,"相信你会努力调整！会继续支持你的，加油<span class=""url-icon""><img alt=[给你小心心] src=""//h5.sinaimg.cn/m/emoticon/icon/others/qixi2018_xiaoxinxin-afb8c6ea83.png"" style=""width:1em; height:1em;"" /></span>"
鱼崽这波不亏,f,要自责，但是不能心态崩掉，可以找肉鸡聊聊天或者和朋友都可以。要反思，要适应版本，版本不会适应你，不可以沉迷手长打手短。要听教练的话，虽然不知道他到底有没有用。最后，这是五个人的游戏，三冠也是你的梦想，不辜负自己和队友就行。虽然生气，但还是相信你，希望你能正视自己的问题，好好改正。
简安素,f,"借用以前看过的一个故事中的两句话，希望你在拼搏的过程中能做到“不要怕”，希望你将来退役后回顾你的职业生涯能做到“不要悔”<span class=""url-icon""><img alt=[抱抱] src=""//h5.sinaimg.cn/m/emoticon/icon/default/d_baobao-b928ba5761.png"" style=""width:1em; height:1em;"" /></span><span class=""url-icon""><img alt=[心] src=""//h5.sinaimg.cn/m/emoticon/icon/others/l_xin-6912791858.png"" style=""width:1em; height:1em;"" /></span> 粉了这么些年，虽然会生气，会批评你，但是从不后悔粉你。现在，虽然过程会很难，只希望你能跨过这个坎，请相信你自己。"
小孩Kiddddd,m,没事的shyshy 夏季赛加油！
啊蝶Q,f,你不需要抱歉 love shyshy forever！！！！！
不开花的圣树子,f,夏季赛打回来！！
沫升仁-DTM,f,"加油，以更的姿态迎接夏季赛<span class=""url-icon""><img alt=[给你小心心] src=""//h5.sinaimg.cn/m/emoticon/icon/others/qixi2018_xiaoxinxin-afb8c6ea83.png"" style=""width:1em; height:1em;"" /></span>因为是你，所以相信<span class=""url-icon""><img alt=[作揖] src=""//h5.sinaimg.cn/m/emoticon/icon/others/h_zuoyi-cb12e18fd5.png"" style=""width:1em; height:1em;"" /></span>"
Drakoshka,f,bu yao you tai da ya li！！hao hao zhao gu zi ji，shen ti jian kang hen zhong yao！！
帕克里斯-,f,加油啊啊啊啊啊啊啊 theshy选手我们夏天见！！
王鹿子,f,"期待那个天使天神抽血泵！ 真正的粉丝不会在你低谷时离开<span class=""url-icon""><img alt=[给你小心心] src=""//h5.sinaimg.cn/m/emoticon/icon/others/qixi2018_xiaoxinxin-afb8c6ea83.png"" style=""width:1em; height:1em;"" /></span><span class=""url-icon""><img alt=[给你小心心] src=""//h5.sinaimg.cn/m/emoticon/icon/others/qixi2018_xiaoxinxin-afb8c6ea83.png"" style=""width:1em; height:1em;"" /></span><span class=""url-icon""><img alt=[给你小心心] src=""//h5.sinaimg.cn/m/emoticon/icon/others/qixi2018_xiaoxinxin-afb8c6ea83.png"" style=""width:1em; height:1em;"" /></span>永远在 小姜加油💪"
The西,f,"就知道你会道歉<span class=""url-icon""><img alt=[跪了] src=""//h5.sinaimg.cn/m/emoticon/icon/default/d_guile-7b3e474f7f.png"" style=""width:1em; height:1em;"" /></span><span class=""url-icon""><img alt=[跪了] src=""//h5.sinaimg.cn/m/emoticon/icon/default/d_guile-7b3e474f7f.png"" style=""width:1em; height:1em;"" /></span>那就赢回来啊！！！！我晒哥怎么能忍受就这样被打败！"
whitebab,m,加油shy哥，我永远相信姜承禄选手！！！！！！
妙仔不是旺仔mmlikl,m,"没有关系继续加油<span class=""url-icon""><img alt=[赞] src=""//h5.sinaimg.cn/m/emoticon/icon/others/h_zan-e3d1e596da.png"" style=""width:1em; height:1em;"" /></span><span class=""url-icon""><img alt=[赞] src=""//h5.sinaimg.cn/m/emoticon/icon/others/h_zan-e3d1e596da.png"" style=""width:1em; height:1em;"" /></span><span class=""url-icon""><img alt=[赞] src=""//h5.sinaimg.cn/m/emoticon/icon/others/h_zan-e3d1e596da.png"" style=""width:1em; height:1em;"" /></span>"
虎扑电竞,f,加油
5ry_b92h,f,shyshy加油加油。
NASAde,f,你要是自责你就好好打，别整些没用的，调整状态实力说话
我心态从不会崩,m,虽然我是rng粉丝，但是我也很喜欢你，你的技术大家伙儿都知道，你的实力不需要多说，人也很好，虽然你的脑残粉很恶心，但是骂也是骂你的那帮脑残粉，你的为人谦虚多粉丝很好，实力更是顶级，希望你越来越好不需要道歉，谁都有发挥失常的时候，毕竟人不是机器
是李梓L嗯呐,f,抱抱抱抱
TheHermia,f,“打比赛不是为了粉丝而打 而是为自己很私人的理想 怎么样打才合适 需要你自己来决定 因为你才是职业选手” 别辜负了你自己啊姜承錄
龚子棋别娶我了打_钱吧,f,好好调整心态 夏天见
喜欢喝橙汁OvO,f,"好好加油，我们相信你，会打回来的<span class=""url-icon""><img alt=[拳头] src=""//h5.sinaimg.cn/m/emoticon/icon/others/h_quantou-0a4441543d.png"" style=""width:1em; height:1em;"" /></span>"
瞳夕UnU的颜粉,m,🙈状态不好  shy哥等你夏季赛  这段时间好好恢复
鹿祺嗷_,m,好好看牙 我们夏天再见 希望能看到那个神挡杀神，佛挡杀佛的shy哥
峡谷律律,m,好好加油 打出成绩
喵弧大队总舵主,f,"没有辜负，我对你最大的愿望是你能享受你的职业生涯，不辜负你的天赋和努力就可以了，最重要是享受这段时光，不用太有压力<span class=""url-icon""><img alt=[给你小心心] src=""//h5.sinaimg.cn/m/emoticon/icon/others/qixi2018_xiaoxinxin-afb8c6ea83.png"" style=""width:1em; height:1em;"" /></span><span class=""url-icon""><img alt=[给你小心心] src=""//h5.sinaimg.cn/m/emoticon/icon/others/qixi2018_xiaoxinxin-afb8c6ea83.png"" style=""width:1em; height:1em;"" /></span><span class=""url-icon""><img alt=[给你小心心] src=""//h5.sinaimg.cn/m/emoticon/icon/others/qixi2018_xiaoxinxin-afb8c6ea83.png"" style=""width:1em; height:1em;"" /></span><span class=""url-icon""><img alt=[给你小心心] src=""//h5.sinaimg.cn/m/emoticon/icon/others/qixi2018_xiaoxinxin-afb8c6ea83.png"" style=""width:1em; height:1em;"" /></span>永远相信你<span class=""url-icon""><img alt=[给你小心心] src=""//h5.sinaimg.cn/m/emoticon/icon/others/qixi2018_xiaoxinxin-afb8c6ea83.png"" style=""width:1em; height:1em;"" /></span><span class=""url-icon""><img alt=[给你小心心] src=""//h5.sinaimg.cn/m/emoticon/icon/others/qixi2018_xiaoxinxin-afb8c6ea83.png"" style=""width:1em; height:1em;"" /></span><span class=""url-icon""><img alt=[给你小心心] src=""//h5.sinaimg.cn/m/emoticon/icon/others/qixi2018_xiaoxinxin-afb8c6ea83.png"" style=""width:1em; height:1em;"" /></span>"
敖丽heheda,f,"相信你哟……<span class=""url-icon""><img alt=[心] src=""//h5.sinaimg.cn/m/emoticon/icon/others/l_xin-6912791858.png"" style=""width:1em; height:1em;"" /></span><span class=""url-icon""><img alt=[心] src=""//h5.sinaimg.cn/m/emoticon/icon/others/l_xin-6912791858.png"" style=""width:1em; height:1em;"" /></span><span class=""url-icon""><img alt=[心] src=""//h5.sinaimg.cn/m/emoticon/icon/others/l_xin-6912791858.png"" style=""width:1em; height:1em;"" /></span>"
小洁自传,f,"shyshy 加油啊 好好找原因 不要有负担 好好准备 我们夏天见！！！！<span class=""url-icon""><img alt=[羞嗒嗒] src=""//h5.sinaimg.cn/m/emoticon/icon/lxh/lxh_xiudada-f44e8f5688.png"" style=""width:1em; height:1em;"" /></span><span class=""url-icon""><img alt=[羞嗒嗒] src=""//h5.sinaimg.cn/m/emoticon/icon/lxh/lxh_xiudada-f44e8f5688.png"" style=""width:1em; height:1em;"" /></span><span class=""url-icon""><img alt=[羞嗒嗒] src=""//h5.sinaimg.cn/m/emoticon/icon/lxh/lxh_xiudada-f44e8f5688.png"" style=""width:1em; height:1em;"" /></span>"
C小姐_Tina,f,别别别，好好休息养好身体，调整调整状态，人总有低谷期，也会有失误，好好调整夏季赛重新开始！加油，不要被热搜那些喷子影响了心态。喜欢你的粉丝喜欢IG的粉丝会一如既往的支持你。别自责。
香呱双,f,"好吧 加油<span class=""url-icon""><img alt=[失望] src=""//h5.sinaimg.cn/m/emoticon/icon/default/d_shiwang-7925938d93.png"" style=""width:1em; height:1em;"" /></span>"
这个世界会好吗yh,m,为什么第三把不远杰斯？？
吃辣就爆炸,f,没关系！我们还是相信你！心理压力不要太大！去看牙医好好休息好好调整！夏天见！！
我也想盘核桃,f,下个赛季，再加油💪
hi还是豪仔呀,m,"shy哥 答应我 对得起自己的天赋好吗<span class=""url-icon""><img alt=[泪] src=""//h5.sinaimg.cn/m/emoticon/icon/default/d_lei-1b4b02f8b1.png"" style=""width:1em; height:1em;"" /></span>职业生涯能有多长呢？rookie还能陪你打几年呢？草！说的我想哭了"
我是西西不是嘻嘻的哇,f,"你技术没有下滑英雄池没有问题 但是要意识到自己的打发和意识是真的会导致输比赛了 输了只觉得是自己操作失误这样是不对的 逆版本英雄别选了 觉得不好玩觉得分奴的英雄不喜欢就不玩这也太任性了 敢抓敢死还能高输出是你的优点但也是整个队伍的软肋 你说过想要在掌声中离开 那就别辜负自己啊<span class=""url-icon""><img alt=[心] src=""//h5.sinaimg.cn/m/emoticon/icon/others/l_xin-6912791858.png"" style=""width:1em; height:1em;"" /></span>"
我是姚含,m,啥话也不说了，加油吧！
楊楊楊一菀,f,继续加油吧！
七七又在喝奶茶,f,真的要好好调整哦!!相信你夏季赛可以重回状态!!加油!!!!!
憨批给爷闭嘴,f,加油加油加油！相信你！注意身体
甜甜的恋爱宣言,f,"你真的要好好反省  但是我相信你之后会做得更好的 加油<span class=""url-icon""><img alt=[心] src=""//h5.sinaimg.cn/m/emoticon/icon/others/l_xin-6912791858.png"" style=""width:1em; height:1em;"" /></span>"
FiddleLeaf,f,"你好好的。要记得照顾好自己身体是第一位。加油。我们夏季赛等你<span class=""url-icon""><img alt=[给你小心心] src=""//h5.sinaimg.cn/m/emoticon/icon/others/qixi2018_xiaoxinxin-afb8c6ea83.png"" style=""width:1em; height:1em;"" /></span>"
乌龙冰奶盖,f,对竞的热情一直只有你一人而已。职业生涯会一直陪你的。
TigerLilyAKA,f,加油啊！夏天再见
花彦屿泽,m,长点心吧shy哥 唉 加油吧
确实你说的都对,f,"所有的不足我们都要承认，状态起伏也是事实，但是我相信失利只是暂时的，不要被失败击垮，我们好好总结调整，夏天重新回来好不好<span class=""url-icon""><img alt=[心] src=""//h5.sinaimg.cn/m/emoticon/icon/others/l_xin-6912791858.png"" style=""width:1em; height:1em;"" /></span>"
99是只小小鸟,f,Shyshy加油！
你就别来烦我_,f,唔……我还是很喜欢你 但是也请你好好调整自己 不要只是说说而已 真的 夏天请让我继续期待你 加油吧
她家甜品真好吃,m,你们是真的在改变，在变本加利的变差。没有了奇迹团，甚至没开团。防守大闸也看不到了，把自己的优势打没了，曾经那些光辉的英雄池看不到了，吸血鬼瑞兹青钢影剑姬马尔船长……数起来都费劲，现在呢，除了射手就剩剑魔杰斯了…s9的道歉让我们很心疼，所以鼓励你，结果呢，唉，以后没有鼓励了…
王鹿子,f,"没有啊！ 调整状态！期待那个天使天神抽血泵！ 真正的粉丝不会在你低谷时离开<span class=""url-icon""><img alt=[给你小心心] src=""//h5.sinaimg.cn/m/emoticon/icon/others/qixi2018_xiaoxinxin-afb8c6ea83.png"" style=""width:1em; height:1em;"" /></span><span class=""url-icon""><img alt=[给你小心心] src=""//h5.sinaimg.cn/m/emoticon/icon/others/qixi2018_xiaoxinxin-afb8c6ea83.png"" style=""width:1em; height:1em;"" /></span><span class=""url-icon""><img alt=[给你小心心] src=""//h5.sinaimg.cn/m/emoticon/icon/others/qixi2018_xiaoxinxin-afb8c6ea83.png"" style=""width:1em; height:1em;"" /></span>永远在 小姜加油💪"
Chloe___shen,f,"继续加油啊<span class=""url-icon""><img alt=[拳头] src=""//h5.sinaimg.cn/m/emoticon/icon/others/h_quantou-0a4441543d.png"" style=""width:1em; height:1em;"" /></span><span class=""url-icon""><img alt=[拳头] src=""//h5.sinaimg.cn/m/emoticon/icon/others/h_quantou-0a4441543d.png"" style=""width:1em; height:1em;"" /></span><span class=""url-icon""><img alt=[拳头] src=""//h5.sinaimg.cn/m/emoticon/icon/others/h_quantou-0a4441543d.png"" style=""width:1em; height:1em;"" /></span>"
TheShy南门涮肉,m,没事，iG总殿军这事儿吧，咱熟
深深nnnnn,m,希望你们意识到不是操作的问题，而是你们思想和决策执行真的出了问题
卑微小胖全,f,"哥，不要啊<span class=""url-icon""><img alt=[悲伤] src=""//h5.sinaimg.cn/m/emoticon/icon/default/d_beishang-f8d6de06c8.png"" style=""width:1em; height:1em;"" /></span><span class=""url-icon""><img alt=[悲伤] src=""//h5.sinaimg.cn/m/emoticon/icon/default/d_beishang-f8d6de06c8.png"" style=""width:1em; height:1em;"" /></span><span class=""url-icon""><img alt=[悲伤] src=""//h5.sinaimg.cn/m/emoticon/icon/default/d_beishang-f8d6de06c8.png"" style=""width:1em; height:1em;"" /></span>不要道歉啊，小甜姜，你真的尽力了啊<span class=""url-icon""><img alt=[泪] src=""//h5.sinaimg.cn/m/emoticon/icon/default/d_lei-1b4b02f8b1.png"" style=""width:1em; height:1em;"" /></span><span class=""url-icon""><img alt=[泪] src=""//h5.sinaimg.cn/m/emoticon/icon/default/d_lei-1b4b02f8b1.png"" style=""width:1em; height:1em;"" /></span><span class=""url-icon""><img alt=[泪] src=""//h5.sinaimg.cn/m/emoticon/icon/default/d_lei-1b4b02f8b1.png"" style=""width:1em; height:1em;"" /></span>你要加油啊，我们一直在，你要照顾好自己啊<span class=""url-icon""><img alt=[泪] src=""//h5.sinaimg.cn/m/emoticon/icon/default/d_lei-1b4b02f8b1.png"" style=""width:1em; height:1em;"" /></span><span class=""url-icon""><img alt=[泪] src=""//h5.sinaimg.cn/m/emoticon/icon/default/d_lei-1b4b02f8b1.png"" style=""width:1em; height:1em;"" /></span>"
danren单,f,加油 会一直看你比赛的
糊涂本糊_,f,"没关系<span class=""url-icon""><img alt=[心] src=""//h5.sinaimg.cn/m/emoticon/icon/others/l_xin-6912791858.png"" style=""width:1em; height:1em;"" /></span>"
小当家七号,m,我玩的是中单，但总遗憾如果年纪再小些肯定会被shy哥感染转型疯狂练上单。shy哥状态很差确实很多次断送了比赛，每个人都有状态好坏，不可能永远在山顶，我相信他这样的选手是有一颗学徒的心，希望别人喷他的时候也不要太过了，不要影响到各自的生活。期待夏季赛的ig，更期待ts找回上单的统治力！
私人浪漫m,f,你会成为更好的自己
叫我月亮m哥哥,m,没事的，神也会有光彩暗淡的那一刻，吸取教训，超越自我，夏季赛加油！[加油][加油]
努力努力再努力q2020,m,"加油！<span class=""url-icon""><img alt=[心] src=""//h5.sinaimg.cn/m/emoticon/icon/others/l_xin-6912791858.png"" style=""width:1em; height:1em;"" /></span><span class=""url-icon""><img alt=[心] src=""//h5.sinaimg.cn/m/emoticon/icon/others/l_xin-6912791858.png"" style=""width:1em; height:1em;"" /></span><span class=""url-icon""><img alt=[心] src=""//h5.sinaimg.cn/m/emoticon/icon/others/l_xin-6912791858.png"" style=""width:1em; height:1em;"" /></span>一直支持你[加油][加油][加油]夏天见，上海见<span class=""url-icon""><img alt=[兔子] src=""//h5.sinaimg.cn/m/emoticon/icon/others/d_tuzi-ff7bf5a0f1.png"" style=""width:1em; height:1em;"" /></span>"
Seo_Jnee,f,"好好休息<span class=""url-icon""><img alt=[心] src=""//h5.sinaimg.cn/m/emoticon/icon/others/l_xin-6912791858.png"" style=""width:1em; height:1em;"" /></span>夏天加油!<span class=""url-icon""><img alt=[给你小心心] src=""//h5.sinaimg.cn/m/emoticon/icon/others/qixi2018_xiaoxinxin-afb8c6ea83.png"" style=""width:1em; height:1em;"" /></span><span class=""url-icon""><img alt=[给你小心心] src=""//h5.sinaimg.cn/m/emoticon/icon/others/qixi2018_xiaoxinxin-afb8c6ea83.png"" style=""width:1em; height:1em;"" /></span>"
停停别加糖,f,快去整牙吧！！快！！牙疼太难受了！加油！好好训练！夏天再冲！！
NASAde,f,确实很有问题，加油吧
小诗彤,f,没关系！我们下赛季见！加油啊ts选手！！！
路过一家米线店,f,想看你的剑姬，刀妹！！！战士操作起来！
珂Anker,f,夏天见，加油啊！！！
今天也要很沙雕a,f,小姜不要辜负了自己的天赋啊  还是相信你会好好练的！还有 不要迷恋ad上单了！不要迷恋了！把你的英雄海捡回来啊啊啊啊啊
AwiXuAnNn,f,好好调整，夏季赛加油
抓住光的年c,m,我求你了，夏季赛当个人吧，别整那些花里胡哨的了，你好好打你就是世界第一上单，你看你现在玩的什么玩意儿啊？以前英雄海，现在正手滑板鞋反手卢锡安，不说你是不是对得起粉丝的期望，你对得起血妈C的肉鸡吗？
普通男孩normal,m,口区，饭圈母🐶 是真tm的恶心啊，比赛比赛看不懂，游戏游戏打不明白，天天就搁那硬吹shy皇，人the shy微博道个歉，继续去大乱斗了，也就一群母🐶 舔了
Marrrrisol-,f,害 carry的时候随便吹 输了比赛还是轻喷吧 最难受的永远是选手 状态有起伏也很正常（不过lpl爱造神的毛病什么时候能改）
舟舟舟舟舟舟舟舟舟舟舟舟舟,m,我想看到的是赢了的ts，是拿冠军的ts，而不是胡不肉那种ts。加油吧
一梦华胥六七载,f,"我吐了。这就是冠军粉吗？<span class=""url-icon""><img alt=[费解] src=""//h5.sinaimg.cn/m/emoticon/icon/default/d_feijie-bac8e40ab4.png"" style=""width:1em; height:1em;"" /></span>theshy的打法一直这样啊。逆版本英雄也不是一天两天了，以前赛季敢抓敢死的次数比现在多吧？只不过以前被疯狂针对超鬼的时候另外两路会站出来，现在另外两路没有C起来所以怪他超鬼？这就是ig粉丝吗？这就是ig粉丝吗？吐了吐了<span class=""url-icon""><img alt=[费解] src=""//h5.sinaimg.cn/m/emoticon/icon/default/d_feijie-bac8e40ab4.png"" style=""width:1em; height:1em;"" /></span>"
最爱发育姜承録,m,虽然我不想承认 但是感觉shy哥 你这个季后赛打的真的好像没有了自信  你已经不像去年一样  可以精准的计算伤害  一秀二  也总被针对打不出线上的压制力  不像从前那样是自信的去莽 因为你相信你的伤害计算  你去莽是绝对会有效果给队伍带来增益的  而现在你已经对自己的伤害计算缺少了自信
雏田儿,f,别自责 调整好状态 夏季赛加油 ShyShy是最棒的！
PKS林柒,f,0/6 哥 NB啊
权巨星的小娇妻,f,"我们夏天见啊！<span class=""url-icon""><img alt=[给你小心心] src=""//h5.sinaimg.cn/m/emoticon/icon/others/qixi2018_xiaoxinxin-afb8c6ea83.png"" style=""width:1em; height:1em;"" /></span>"
电话打不通因为正在发酒疯,m,没事 真没你和肉鸡 ig也就垮了 重拾战士上单吧
荆轲牌燕太子丹,m,shy哥你长点心吧，每次回家都满装备栏不带眼光靠饰品眼，眼位还被研究透了。每次不看队友位置上去硬凶四五个人，你自己看是送的次数多还是天神下凡次数多？还有别专注射手了，排位也多打打其他热门上单英雄
这都是什么-,m,所以你又开始打大乱斗了是吗。。
小魔王崽崽,f,shy哥夏季赛加油！
刘昊然和我szd,f,加油加油加油，好好调整状态，我们夏季赛再打回来就好[加油]
是我的盖世英雄呀,f,Theshy选手继续加油 夏季赛杀回来！
谁糊狗谁的鸡儿,f,夏天加油吧
